season_id,id,last_modified,sr_id,reference
c5ca79d2-9e65-4987-84da-6f26237a47b3,50ccf465-9157-460b-bd79-d67dfb99bbd2,2025-01-06T13:39:54Z,sr:match:51246639,20460
c5ca79d2-9e65-4987-84da-6f26237a47b3,58f5c6bd-1fb5-4d27-bfc4-c62262000841,2025-01-06T13:40:02Z,sr:match:51246327,20304
c5ca79d2-9e65-4987-84da-6f26237a47b3,5ee82e11-0e6c-4855-97a0-4272170965f7,2025-01-06T13:39:55Z,sr:match:51246617,20449
c5ca79d2-9e65-4987-84da-6f26237a47b3,26070a14-33b6-40ea-b788-b6c5d86039bb,2025-01-06T13:39:50Z,sr:match:51245855,20068
c5ca79d2-9e65-4987-84da-6f26237a47b3,979940b2-a46e-4903-a0a7-e9b200241a52,2025-01-06T13:41:57Z,sr:match:51246949,20614
c5ca79d2-9e65-4987-84da-6f26237a47b3,12169e93-fcbd-4472-865d-227760ae6342,2025-01-06T13:39:46Z,sr:match:51245803,20042
c5ca79d2-9e65-4987-84da-6f26237a47b3,682226c9-7b93-49fd-aafb-42e34016e3a0,2025-01-06T13:40:11Z,sr:match:51246535,20408
c5ca79d2-9e65-4987-84da-6f26237a47b3,d4a76419-1ec4-4aa5-a56f-aea22a37105c,2025-01-06T13:40:18Z,sr:match:51246899,20589
c5ca79d2-9e65-4987-84da-6f26237a47b3,78c10ea6-0fe9-4b5a-9769-53f9e2fcfa3c,2025-01-06T13:40:06Z,sr:match:51246071,20176
c5ca79d2-9e65-4987-84da-6f26237a47b3,1fa82c4b-ad97-4bd4-a6e8-cb8c8bf45969,2025-01-06T13:39:43Z,sr:match:51246229,20255
c5ca79d2-9e65-4987-84da-6f26237a47b3,1de200e9-4c2b-4ff4-a2ef-f08f854ff14f,2025-01-06T13:39:45Z,sr:match:51246895,20587
c5ca79d2-9e65-4987-84da-6f26237a47b3,b24e5773-413e-470c-967b-244c2bbe8c8d,2025-01-06T13:40:17Z,sr:match:51246367,20324
c5ca79d2-9e65-4987-84da-6f26237a47b3,39c158b7-a7ca-4e44-b3c8-08503ce4a521,2025-01-06T13:39:50Z,sr:match:51245811,20046
c5ca79d2-9e65-4987-84da-6f26237a47b3,4b64abc4-9935-42e3-9304-0134d040a1f3,2025-01-06T13:39:53Z,sr:match:51246961,20620
c5ca79d2-9e65-4987-84da-6f26237a47b3,b1518686-8306-4e48-8f08-f3c8d50c201f,2025-01-06T13:40:17Z,sr:match:51246927,20603
c5ca79d2-9e65-4987-84da-6f26237a47b3,77363d67-ca43-4ecc-8c45-0ca7e1845746,2025-01-06T13:40:05Z,sr:match:51245891,20086
c5ca79d2-9e65-4987-84da-6f26237a47b3,08e5a2f4-2708-4b31-bb19-88bdcba1b78a,2025-01-06T13:39:42Z,sr:match:51246795,20537
c5ca79d2-9e65-4987-84da-6f26237a47b3,7a9c10a9-a241-4612-94eb-cfa109116ff8,2025-01-06T13:40:06Z,sr:match:51246491,20386
c5ca79d2-9e65-4987-84da-6f26237a47b3,619a9dd1-a099-41c2-9c49-3230f73d8ed9,2025-01-06T13:39:56Z,sr:match:51246127,20204
c5ca79d2-9e65-4987-84da-6f26237a47b3,8ce8d7f0-002a-4f7f-8cab-8fbb1cc4f05e,2025-01-06T13:40:10Z,sr:match:51246455,20368
c5ca79d2-9e65-4987-84da-6f26237a47b3,3344f3bf-c2e0-48d9-aa4d-f0addef33014,2025-01-06T13:39:51Z,sr:match:51246305,20293
c5ca79d2-9e65-4987-84da-6f26237a47b3,28ccfd93-e6b6-4c3b-9fe7-f75ea119ac0c,2025-01-06T13:39:49Z,sr:match:51246765,20522
c5ca79d2-9e65-4987-84da-6f26237a47b3,4f38a226-1b19-46c0-9178-d40b58baf6f3,2025-01-06T13:39:55Z,sr:match:51245959,20120
c5ca79d2-9e65-4987-84da-6f26237a47b3,5600716f-2b52-4e53-abb1-40249a59d09f,2025-01-06T13:40:10Z,sr:match:51246423,20352
c5ca79d2-9e65-4987-84da-6f26237a47b3,a950905e-c291-4dec-949b-a23701c4b434,2025-01-06T13:40:15Z,sr:match:51246861,20570
c5ca79d2-9e65-4987-84da-6f26237a47b3,5786462d-8a56-42eb-ba1e-55ad4ed8c756,2025-01-06T13:39:54Z,sr:match:51246601,20441
c5ca79d2-9e65-4987-84da-6f26237a47b3,471513d4-baa8-4cfd-8f2c-a261adbf31ae,2025-01-06T13:40:10Z,sr:match:51246667,20474
c5ca79d2-9e65-4987-84da-6f26237a47b3,684407b3-16ed-4801-8239-5eb6914d9d3a,2025-01-06T13:40:01Z,sr:match:51246865,20572
c5ca79d2-9e65-4987-84da-6f26237a47b3,32790077-3598-42fb-b002-b4c9f14bf6aa,2025-01-06T13:39:50Z,sr:match:51246103,20192
c5ca79d2-9e65-4987-84da-6f26237a47b3,06b2bcb8-ddc1-4d1e-be71-9a73cd9e86de,2025-01-06T13:39:46Z,sr:match:51246787,20533
c5ca79d2-9e65-4987-84da-6f26237a47b3,9378e729-8e25-4a02-84c5-856cc52ca5d2,2025-01-06T13:40:13Z,sr:match:51246243,20262
c5ca79d2-9e65-4987-84da-6f26237a47b3,064a4dd1-867b-4022-8cac-a74b2c9545da,2025-01-06T13:39:58Z,sr:match:51246845,20562
c5ca79d2-9e65-4987-84da-6f26237a47b3,117b5663-7416-40bc-8754-bb638c2e85d3,2025-01-06T13:39:39Z,sr:match:51246173,20227
c5ca79d2-9e65-4987-84da-6f26237a47b3,3a4665e3-4231-4e7b-868b-d6d051ecf6d1,2025-01-06T13:39:50Z,sr:match:51246375,20328
c5ca79d2-9e65-4987-84da-6f26237a47b3,10ba8ae5-b184-45bc-80df-bb0128fb2d27,2025-01-06T13:40:07Z,sr:match:51246937,20608
c5ca79d2-9e65-4987-84da-6f26237a47b3,9c3a0308-9ff0-4c8e-b6bf-69051205efcb,2025-01-06T13:40:16Z,sr:match:51246541,20411
c5ca79d2-9e65-4987-84da-6f26237a47b3,a9e3e129-4ead-4d98-a0fd-40d64121b391,2025-01-06T13:40:16Z,sr:match:51246165,20223
c5ca79d2-9e65-4987-84da-6f26237a47b3,8869b41a-6f42-48f6-bbba-dbb85795133b,2025-01-06T13:40:07Z,sr:match:51245899,20090
c5ca79d2-9e65-4987-84da-6f26237a47b3,2fb4187d-8033-4c30-b05d-4757a8b36f3b,2025-01-06T13:39:50Z,sr:match:51246543,20412
c5ca79d2-9e65-4987-84da-6f26237a47b3,1a37d1a0-cc48-442c-8291-af0d983bf364,2025-01-06T13:39:40Z,sr:match:51246835,20557
c5ca79d2-9e65-4987-84da-6f26237a47b3,d6bb74a5-7bc8-4650-8384-9c78b905322c,2025-01-06T13:40:19Z,sr:match:51246519,20400
c5ca79d2-9e65-4987-84da-6f26237a47b3,266afd8b-f045-48eb-b9ad-4b67a68aef04,2025-01-06T13:40:10Z,sr:match:51246297,20289
c5ca79d2-9e65-4987-84da-6f26237a47b3,36546001-cb06-4fe0-b342-3c73d7eb7a1c,2025-01-06T13:39:50Z,sr:match:51246259,20270
c5ca79d2-9e65-4987-84da-6f26237a47b3,cb474d15-9140-412f-9975-0fb52bc987b9,2025-01-06T13:40:18Z,sr:match:51246969,20624
c5ca79d2-9e65-4987-84da-6f26237a47b3,bcfd80f3-a6cc-42d0-900c-96d6aa670f53,2025-01-06T13:40:17Z,sr:match:51245935,20108
c5ca79d2-9e65-4987-84da-6f26237a47b3,10825d9c-bd66-4be5-9864-6424a74aa085,2025-01-06T23:10:08Z,sr:match:51246987,20633
c5ca79d2-9e65-4987-84da-6f26237a47b3,f1f69958-0f00-4c9e-b88a-a4657034dbab,2025-01-06T13:40:19Z,sr:match:51246871,20575
c5ca79d2-9e65-4987-84da-6f26237a47b3,57e673bd-b210-49d6-9812-dc89e3345987,2025-01-06T13:40:11Z,sr:match:51246705,20493
c5ca79d2-9e65-4987-84da-6f26237a47b3,7e3d2438-6eff-4652-9092-8cd06b5d8f92,2025-01-06T13:40:07Z,sr:match:51245943,20112
c5ca79d2-9e65-4987-84da-6f26237a47b3,2686d181-8f6e-401c-a93e-2c0be071d602,2025-01-06T13:39:50Z,sr:match:51245861,20071
c5ca79d2-9e65-4987-84da-6f26237a47b3,ac530dc0-d15d-49dc-b8c5-3800b1bce4f8,2025-01-06T13:40:16Z,sr:match:51245725,20003
c5ca79d2-9e65-4987-84da-6f26237a47b3,e4655663-e1ff-4db2-a466-396387a84638,2025-01-06T13:40:19Z,sr:match:51246933,20606
c5ca79d2-9e65-4987-84da-6f26237a47b3,b1d4cd6f-05a5-4ba0-91ce-3e88b491e59b,2025-01-06T13:40:16Z,sr:match:51246119,20200
c5ca79d2-9e65-4987-84da-6f26237a47b3,c256a78a-b5e5-4dc7-8e43-f27da4d4784f,2025-01-06T13:40:18Z,sr:match:51246389,20335
c5ca79d2-9e65-4987-84da-6f26237a47b3,138de7a2-2cd5-46f8-a7e8-dc9b98621464,2025-01-06T13:39:59Z,sr:match:51246727,20503
c5ca79d2-9e65-4987-84da-6f26237a47b3,a24bd7a2-2abf-47d6-b1d3-7a85f7a26bc5,2025-01-06T13:40:16Z,sr:match:51246263,20272
c5ca79d2-9e65-4987-84da-6f26237a47b3,096069e6-cb77-41c7-8926-706ce60e3b83,2025-01-06T13:39:56Z,sr:match:51245881,20081
c5ca79d2-9e65-4987-84da-6f26237a47b3,cb3281c8-1b92-4361-a2d9-090cb50ef628,2025-01-06T13:40:18Z,sr:match:51246929,20604
c5ca79d2-9e65-4987-84da-6f26237a47b3,773da144-9e88-4e4c-b746-83a3ff8f9d8b,2025-01-06T13:40:11Z,sr:match:51245945,20113
c5ca79d2-9e65-4987-84da-6f26237a47b3,6ef26808-2edc-487f-930b-a9abb4678c5d,2025-01-06T13:40:03Z,sr:match:51246431,20356
c5ca79d2-9e65-4987-84da-6f26237a47b3,91441283-620b-4b0f-af56-62321eb964b4,2025-01-06T13:40:13Z,sr:match:51246689,20485
c5ca79d2-9e65-4987-84da-6f26237a47b3,a7864787-885b-419e-ac0f-630eab1c6927,2025-01-06T13:40:16Z,sr:match:51245903,20092
c5ca79d2-9e65-4987-84da-6f26237a47b3,8dcf704b-997b-4a0b-b2ec-665fc7adc29a,2025-01-06T13:40:12Z,sr:match:51246833,20556
c5ca79d2-9e65-4987-84da-6f26237a47b3,624f3a2f-39eb-4221-a2b7-80a3160c5f0d,2025-01-06T13:40:02Z,sr:match:51246909,20594
c5ca79d2-9e65-4987-84da-6f26237a47b3,778b9dd5-3425-4cc9-ad32-652c13ff3ed4,2025-01-06T13:40:06Z,sr:match:51246527,20404
c5ca79d2-9e65-4987-84da-6f26237a47b3,768f8dea-e83b-4f68-a697-5c866e105a94,2025-01-06T13:40:05Z,sr:match:51246481,20381
c5ca79d2-9e65-4987-84da-6f26237a47b3,00e3ae3a-0088-4133-a10c-4eec962b0b97,2025-01-06T13:39:57Z,sr:match:51246855,20567
c5ca79d2-9e65-4987-84da-6f26237a47b3,20f3e533-b24b-4d9b-bf43-e5bbd6b5925f,2025-01-06T13:39:49Z,sr:match:51245799,20040
c5ca79d2-9e65-4987-84da-6f26237a47b3,92439ca1-2a1a-4e6c-9a37-d8e43d7f7538,2025-01-06T13:40:13Z,sr:match:51246713,20497
c5ca79d2-9e65-4987-84da-6f26237a47b3,cb24019b-acfe-4d06-8de8-aa5d8150206a,2025-01-06T13:40:18Z,sr:match:51245971,20126
c5ca79d2-9e65-4987-84da-6f26237a47b3,9675c88c-bd88-480d-aa5b-b5ddb63fe96c,2025-01-06T13:40:14Z,sr:match:51245919,20100
c5ca79d2-9e65-4987-84da-6f26237a47b3,92c97989-f791-44d7-8e92-34b1479ec854,2025-01-06T13:42:41Z,sr:match:51246971,20625
c5ca79d2-9e65-4987-84da-6f26237a47b3,41844fc5-82b0-4ca1-85c1-f43c0a10bba7,2025-01-06T13:40:01Z,sr:match:51245741,20011
c5ca79d2-9e65-4987-84da-6f26237a47b3,e03fc6e6-5f94-4f64-ab84-9fa09bcfcd06,2025-01-06T13:40:19Z,sr:match:51246505,20393
c5ca79d2-9e65-4987-84da-6f26237a47b3,a42651ff-40f0-420e-b04f-aa6fa2778207,2025-01-06T13:40:15Z,sr:match:51246551,20416
c5ca79d2-9e65-4987-84da-6f26237a47b3,5dfd4882-feee-4448-a905-d1a26b4f8180,2025-01-06T13:39:56Z,sr:match:51246677,20479
c5ca79d2-9e65-4987-84da-6f26237a47b3,8d090669-5229-470f-9296-63b69193ee68,2025-01-06T13:40:10Z,sr:match:51246947,20613
c5ca79d2-9e65-4987-84da-6f26237a47b3,c5c337d7-c6cb-4c06-9fe7-1b7ec5dc714b,2025-01-07T04:57:48Z,sr:match:51246995,20637
c5ca79d2-9e65-4987-84da-6f26237a47b3,38386bd5-6da8-4f26-8b4e-056ca663533e,2025-01-06T13:39:50Z,sr:match:51246891,20585
c5ca79d2-9e65-4987-84da-6f26237a47b3,06aa04ea-59de-4422-adea-959cd86e9ded,2025-01-06T13:39:45Z,sr:match:51246729,20504
c5ca79d2-9e65-4987-84da-6f26237a47b3,acf81114-7d19-47fc-a84c-0427ecae1ba0,2025-01-06T13:40:16Z,sr:match:51246457,20369
c5ca79d2-9e65-4987-84da-6f26237a47b3,38a657af-637c-49e3-a7e2-0cc7c04c7427,2025-01-06T13:40:10Z,sr:match:51246203,20242
c5ca79d2-9e65-4987-84da-6f26237a47b3,56772ee2-2e78-4e6e-87eb-85595d62beea,2025-01-06T13:39:55Z,sr:match:51246819,20549
c5ca79d2-9e65-4987-84da-6f26237a47b3,1ba08dee-d2a6-4808-ae66-b1db417d745c,2025-01-06T13:39:45Z,sr:match:51246265,20273
c5ca79d2-9e65-4987-84da-6f26237a47b3,58729663-9f98-4230-bca6-70e486f76451,,sr:match:51245753,20017
c5ca79d2-9e65-4987-84da-6f26237a47b3,b9550d06-1eab-47c0-a6b8-fbe55ca14c17,2025-01-06T13:40:17Z,sr:match:51245767,20024
c5ca79d2-9e65-4987-84da-6f26237a47b3,926e3f5f-52dc-429e-96b4-54d8e07f1364,2025-01-06T13:40:13Z,sr:match:51246359,20320
c5ca79d2-9e65-4987-84da-6f26237a47b3,fd762fb6-6082-4b8f-ad2f-d248d706819c,2025-01-06T13:40:20Z,sr:match:51246659,20470
c5ca79d2-9e65-4987-84da-6f26237a47b3,76215491-1f62-4d4c-9c54-fd4c8a146696,2025-01-06T13:40:05Z,sr:match:51246693,20487
c5ca79d2-9e65-4987-84da-6f26237a47b3,2e6be0ed-c53e-4ada-b893-2e350415c0b6,2025-01-06T13:40:10Z,sr:match:51246511,20396
c5ca79d2-9e65-4987-84da-6f26237a47b3,bf4c62e2-f993-46b7-a516-03b3c4720463,2025-01-06T13:40:18Z,sr:match:51246499,20390
c5ca79d2-9e65-4987-84da-6f26237a47b3,d0d7cec0-7a4b-4f27-836e-231ed4fadd70,2025-01-06T13:40:19Z,sr:match:51245727,20004
c5ca79d2-9e65-4987-84da-6f26237a47b3,1a2fad26-d98e-4597-b8d4-a9f76cbbf328,2025-01-06T13:39:39Z,sr:match:51246019,20150
c5ca79d2-9e65-4987-84da-6f26237a47b3,c995cc29-19de-47fc-b043-847949a0807e,2025-01-06T13:40:18Z,sr:match:51246803,20541
c5ca79d2-9e65-4987-84da-6f26237a47b3,cf6ff0e6-9225-4b7d-8199-4397a7f75038,2025-01-06T13:40:19Z,sr:match:51246013,20147
c5ca79d2-9e65-4987-84da-6f26237a47b3,3c8c59b0-92cd-4139-b385-f2e4827ef5dd,2025-01-06T13:39:50Z,sr:match:51245743,20012
c5ca79d2-9e65-4987-84da-6f26237a47b3,bdab8737-230b-431a-9bdf-f84deb3ffe5d,2025-01-06T13:40:17Z,sr:match:51245879,20080
c5ca79d2-9e65-4987-84da-6f26237a47b3,4d3bbe0e-b529-4d15-95b7-0da804eec30b,2025-01-06T13:39:55Z,sr:match:51246261,20271
c5ca79d2-9e65-4987-84da-6f26237a47b3,61570b97-5db8-4b4c-9560-354f272f861a,2025-01-06T13:39:56Z,sr:match:51245729,20005
c5ca79d2-9e65-4987-84da-6f26237a47b3,eb813987-a509-437d-97c8-834d7ebb4f41,2025-01-06T13:40:19Z,sr:match:51246293,20287
c5ca79d2-9e65-4987-84da-6f26237a47b3,2ded41fa-4a15-4104-a7a6-a0793a128558,2025-01-06T13:39:50Z,sr:match:51245951,20116
c5ca79d2-9e65-4987-84da-6f26237a47b3,304bb179-60cd-4a77-a4eb-87dac271ea30,2025-01-06T13:39:50Z,sr:match:51246047,20164
c5ca79d2-9e65-4987-84da-6f26237a47b3,5b3ceef0-b7a3-436f-838c-d4911407b286,2025-01-06T13:39:55Z,sr:match:51246807,20543
c5ca79d2-9e65-4987-84da-6f26237a47b3,b663db00-dd61-4786-9442-7de8ce625a8e,2025-01-06T13:40:17Z,sr:match:51246957,20618
c5ca79d2-9e65-4987-84da-6f26237a47b3,5a064dea-7d99-4b2f-a9e7-04b416e9f8a5,2025-01-06T13:39:55Z,sr:match:51246821,20550
c5ca79d2-9e65-4987-84da-6f26237a47b3,d4eda8d2-3c43-4569-add8-0c1b81986b2d,2025-01-06T13:40:18Z,sr:match:51246785,20532
c5ca79d2-9e65-4987-84da-6f26237a47b3,bfc82b73-41c8-47dd-a359-d6b0e7990c1d,2025-01-06T13:40:18Z,sr:match:51246147,20214
c5ca79d2-9e65-4987-84da-6f26237a47b3,2f5e09ea-5d29-47db-b5b2-206440abd473,2025-01-06T13:40:00Z,sr:match:51246661,20471
c5ca79d2-9e65-4987-84da-6f26237a47b3,31df7c39-3592-47aa-b2eb-58a0186c80db,2025-01-06T13:39:50Z,sr:match:51253631,20037
c5ca79d2-9e65-4987-84da-6f26237a47b3,bff22943-8a2f-4d80-8531-39ae3a7d9552,2025-01-06T13:40:18Z,sr:match:51246131,20206
c5ca79d2-9e65-4987-84da-6f26237a47b3,f84f4c5c-8908-49a3-9fd4-ae707e0f9f1b,2025-01-06T13:40:20Z,sr:match:51246737,20508
c5ca79d2-9e65-4987-84da-6f26237a47b3,3b1f0a8b-dc4b-46aa-9588-20b3a2dfb17c,2025-01-06T13:40:01Z,sr:match:51246477,20379
c5ca79d2-9e65-4987-84da-6f26237a47b3,a0f91a4b-c237-4cc5-93b5-0a7044c26d4d,2025-01-06T13:40:15Z,sr:match:51246531,20406
c5ca79d2-9e65-4987-84da-6f26237a47b3,5ca99cbf-7339-4439-982b-cd3e0e975216,2025-01-06T13:40:11Z,sr:match:51245745,20013
c5ca79d2-9e65-4987-84da-6f26237a47b3,260eaa91-c22d-4cb1-9e70-b57a13c14f60,2025-01-06T13:40:09Z,sr:match:51246735,20507
c5ca79d2-9e65-4987-84da-6f26237a47b3,13a8d918-24bc-4ee1-b9a4-f3cfb844fa64,2025-01-06T13:39:41Z,sr:match:51246905,20592
c5ca79d2-9e65-4987-84da-6f26237a47b3,82f3b539-f358-40ed-8d88-72897f43b46a,2025-01-06T13:40:11Z,sr:match:51246911,20595
c5ca79d2-9e65-4987-84da-6f26237a47b3,bec6db66-85b6-4404-9bf2-866bb5b247e0,2025-01-06T13:40:17Z,sr:match:51246223,20252
c5ca79d2-9e65-4987-84da-6f26237a47b3,494bf6b3-2fbe-487a-b313-c1a247dce689,2025-01-06T13:40:01Z,sr:match:51246407,20344
c5ca79d2-9e65-4987-84da-6f26237a47b3,ae8d4da6-dab7-42bc-bf6b-f5d49b671495,2025-01-06T13:40:16Z,sr:match:51245921,20101
c5ca79d2-9e65-4987-84da-6f26237a47b3,6c4594ec-b6f5-4927-86f2-fbf9caa46e62,2025-01-06T13:40:11Z,sr:match:51246349,20315
c5ca79d2-9e65-4987-84da-6f26237a47b3,fe1b1070-1cd4-4ecd-964b-61c53d738a77,2025-01-06T13:40:20Z,sr:match:51245981,20131
c5ca79d2-9e65-4987-84da-6f26237a47b3,ea0ff9b1-b122-43bc-b548-5a297a4e0f4e,2025-01-06T13:40:19Z,sr:match:51246963,20621
c5ca79d2-9e65-4987-84da-6f26237a47b3,c213805c-2172-4584-b9bf-76e5aa099fd0,2025-01-06T13:40:17Z,sr:match:51245841,20061
c5ca79d2-9e65-4987-84da-6f26237a47b3,ea32ea83-504e-4c18-bf12-ae6cc3da3227,2025-01-06T13:40:19Z,sr:match:51246069,20175
c5ca79d2-9e65-4987-84da-6f26237a47b3,d30f227f-0acf-4038-9836-17cbd1e4eb41,2025-01-06T13:40:19Z,sr:match:51246345,20313
c5ca79d2-9e65-4987-84da-6f26237a47b3,12925b1e-6966-4a5d-bb95-f145f3d60d98,2025-01-06T13:39:59Z,sr:match:51246003,20142
c5ca79d2-9e65-4987-84da-6f26237a47b3,956a3d57-0663-4b8e-b1b8-9d555d84f467,2025-01-06T13:40:14Z,sr:match:51246637,20459
c5ca79d2-9e65-4987-84da-6f26237a47b3,c4e809e1-24c7-46f8-b3c2-127bf580554d,2025-01-06T13:40:17Z,sr:match:51245809,20045
c5ca79d2-9e65-4987-84da-6f26237a47b3,9f7ec2ff-92fb-486e-94dc-b74a2239db15,2025-01-06T13:40:15Z,sr:match:51246211,20246
c5ca79d2-9e65-4987-84da-6f26237a47b3,865d37bc-8299-4a96-bbfd-525b34f3c99d,2025-01-06T13:40:13Z,sr:match:51246939,20609
c5ca79d2-9e65-4987-84da-6f26237a47b3,e488d40c-cfdf-4ece-b21c-fb47b4064f57,2025-01-06T13:40:19Z,sr:match:51246509,20395
c5ca79d2-9e65-4987-84da-6f26237a47b3,6d4cf88b-367b-49b4-ba0f-9e0bca5ea621,2025-01-06T13:40:02Z,sr:match:51246555,20418
c5ca79d2-9e65-4987-84da-6f26237a47b3,42c19bee-65a2-48e9-8ca9-608eaf541126,2025-01-06T13:39:50Z,sr:match:51246269,20275
c5ca79d2-9e65-4987-84da-6f26237a47b3,dbab6132-cd55-45a8-9e7a-bab07f5e9ac9,2025-01-06T13:40:19Z,sr:match:51245781,20031
c5ca79d2-9e65-4987-84da-6f26237a47b3,be233cd4-9841-48af-9180-599fa8f6c552,2025-01-06T13:40:17Z,sr:match:51246613,20447
c5ca79d2-9e65-4987-84da-6f26237a47b3,35e63cb1-cb7b-4a65-b98a-45f130ef3fea,2025-01-06T13:40:01Z,sr:match:51245805,20043
c5ca79d2-9e65-4987-84da-6f26237a47b3,c344c04f-ee3e-45cb-a795-674f0b73c802,2025-01-06T13:40:19Z,sr:match:51246143,20212
c5ca79d2-9e65-4987-84da-6f26237a47b3,5b90d75f-4a12-4c0e-9025-aba6de2a620e,2025-01-06T13:40:01Z,sr:match:51246681,20481
c5ca79d2-9e65-4987-84da-6f26237a47b3,35e65a43-32d7-48e5-b542-24387bdea8da,2025-01-06T13:40:01Z,sr:match:51246501,20391
c5ca79d2-9e65-4987-84da-6f26237a47b3,4748b024-0814-4336-928d-22eb757b5af2,2025-01-06T13:39:51Z,sr:match:51246353,20317
c5ca79d2-9e65-4987-84da-6f26237a47b3,b66cf6b0-e736-40cf-8c9a-001ee7fde408,2025-01-06T13:40:16Z,sr:match:51246267,20274
c5ca79d2-9e65-4987-84da-6f26237a47b3,daed8b3a-1b3c-4544-9013-d41fbd395172,2025-01-06T13:40:19Z,sr:match:51246725,20502
c5ca79d2-9e65-4987-84da-6f26237a47b3,d00f3650-ad13-4e69-a012-2593a0a4276d,2025-01-06T13:40:18Z,sr:match:51246433,20357
c5ca79d2-9e65-4987-84da-6f26237a47b3,f0aedcd4-b65d-40fe-9a76-570ae40863c5,2025-01-06T13:40:19Z,sr:match:51246413,20347
c5ca79d2-9e65-4987-84da-6f26237a47b3,91abd985-b5bb-44b5-be9c-966d85ca8cf3,2025-01-06T13:40:14Z,sr:match:51246181,20231
c5ca79d2-9e65-4987-84da-6f26237a47b3,b8ae5554-be43-4915-b922-ceb2a9a380d3,2025-01-06T13:40:16Z,sr:match:51246695,20488
c5ca79d2-9e65-4987-84da-6f26237a47b3,a55bd4db-4ecf-487d-89b2-feb27fa8ee2a,2025-01-06T13:40:16Z,sr:match:51246605,20443
c5ca79d2-9e65-4987-84da-6f26237a47b3,97172774-197d-420a-ac9b-882ee837ea53,2025-01-06T13:40:15Z,sr:match:51246743,20511
c5ca79d2-9e65-4987-84da-6f26237a47b3,971c48e0-5593-4216-9b83-b9783007d869,2025-01-06T13:40:15Z,sr:match:51245893,20087
c5ca79d2-9e65-4987-84da-6f26237a47b3,bba937db-abb5-4826-82b8-2394f52290ca,2025-01-06T13:40:17Z,sr:match:51246057,20169
c5ca79d2-9e65-4987-84da-6f26237a47b3,a628dbe6-c310-479f-aaf4-b68450abe5cf,2025-01-06T13:40:16Z,sr:match:51246463,20372
c5ca79d2-9e65-4987-84da-6f26237a47b3,ba5d9a88-545f-4b9a-badf-aeb34c1ddc7f,2025-01-06T13:40:16Z,sr:match:51246593,20437
c5ca79d2-9e65-4987-84da-6f26237a47b3,1992cb12-e8a2-46b2-b38e-46bd869fdf40,2025-01-06T13:39:46Z,sr:match:51246381,20331
c5ca79d2-9e65-4987-84da-6f26237a47b3,ba186085-cd33-4ebd-b2e5-86145ecf2c2f,2025-01-06T13:40:17Z,sr:match:51246065,20173
c5ca79d2-9e65-4987-84da-6f26237a47b3,2960c1ae-6ee7-42f0-af0b-ff466f7a4f9f,2025-01-06T13:39:50Z,sr:match:51245785,20033
c5ca79d2-9e65-4987-84da-6f26237a47b3,5b9b7709-defa-4920-9592-a07b1ad72615,2025-01-06T13:40:11Z,sr:match:51246075,20178
c5ca79d2-9e65-4987-84da-6f26237a47b3,c413f036-0a28-4d0e-9f8b-87f4aac9b430,2025-01-06T13:40:17Z,sr:match:51245979,20130
c5ca79d2-9e65-4987-84da-6f26237a47b3,2a6c2ab5-4151-45df-b485-703325b06559,2025-01-06T13:39:50Z,sr:match:51246789,20534
c5ca79d2-9e65-4987-84da-6f26237a47b3,3d105612-4f7f-4a4f-a126-5dbd537ddfd5,2025-01-06T13:39:50Z,sr:match:51246189,20235
c5ca79d2-9e65-4987-84da-6f26237a47b3,8d37f5c0-c508-42c3-9a7e-a5db83bf4f00,2025-01-06T13:40:10Z,sr:match:51246487,20384
c5ca79d2-9e65-4987-84da-6f26237a47b3,b5d67748-3bd1-49f1-be5c-82e10c0adec7,2025-01-06T13:40:16Z,sr:match:51246427,20354
c5ca79d2-9e65-4987-84da-6f26237a47b3,d7886634-14e0-4e2a-99a9-16608e84a3cb,2025-01-06T13:40:19Z,sr:match:51246621,20451
c5ca79d2-9e65-4987-84da-6f26237a47b3,b6bfe59e-afc2-4508-a5e7-e731d0557b81,2025-01-06T13:40:17Z,sr:match:51246313,20297
c5ca79d2-9e65-4987-84da-6f26237a47b3,bcb41b7f-c8a3-4918-9ac8-cd2eac1ce354,2025-01-06T13:40:17Z,sr:match:51246443,20362
c5ca79d2-9e65-4987-84da-6f26237a47b3,6f60072c-eb0b-4bb8-a52f-43b827ee0dc7,2025-01-06T23:10:08Z,sr:match:51246985,20632
c5ca79d2-9e65-4987-84da-6f26237a47b3,083311d4-f21f-4bdc-a22d-06083f8d5212,2025-01-06T13:39:39Z,sr:match:51246283,20282
c5ca79d2-9e65-4987-84da-6f26237a47b3,315eca56-fded-48ec-a899-0bb7e256b40f,2025-01-06T13:40:10Z,sr:match:51245783,20032
c5ca79d2-9e65-4987-84da-6f26237a47b3,1a8b7111-b3a7-473a-8332-a846a3f90dc8,2025-01-06T13:39:43Z,sr:match:51245773,20027
c5ca79d2-9e65-4987-84da-6f26237a47b3,525d54ea-dba5-4724-9b37-629c1afc783d,2025-01-06T13:40:11Z,sr:match:51246251,20266
c5ca79d2-9e65-4987-84da-6f26237a47b3,d2d0127d-1d2f-48c5-b04d-5dc6304c872c,2025-01-06T13:40:19Z,sr:match:51246577,20429
c5ca79d2-9e65-4987-84da-6f26237a47b3,288bb8d7-111c-4647-9571-c6aa775b4645,2025-01-06T13:39:49Z,sr:match:51246179,20230
c5ca79d2-9e65-4987-84da-6f26237a47b3,854e4214-9be7-4ea8-b354-3c25664a1b23,2025-01-06T13:40:07Z,sr:match:51245747,20014
c5ca79d2-9e65-4987-84da-6f26237a47b3,a96d2541-0cad-4364-895a-7333b380d72a,2025-01-06T13:40:15Z,sr:match:51246619,20450
c5ca79d2-9e65-4987-84da-6f26237a47b3,411dfff9-e805-4405-b2ef-207dacdcca93,2025-01-06T13:39:50Z,sr:match:51246567,20424
c5ca79d2-9e65-4987-84da-6f26237a47b3,fce40de1-e424-4c24-a639-36a895a7f535,2025-01-06T13:40:19Z,sr:match:51246585,20433
c5ca79d2-9e65-4987-84da-6f26237a47b3,312f5553-9af8-4712-b0c5-df705b586037,2025-01-06T13:39:50Z,sr:match:51245993,20137
c5ca79d2-9e65-4987-84da-6f26237a47b3,f06bbbcf-6a94-4ffe-8de8-7e55226d98a1,2025-01-06T13:40:19Z,sr:match:51246781,20530
c5ca79d2-9e65-4987-84da-6f26237a47b3,b2093c39-8e4e-48da-bbf9-5b51ffce9a4a,2025-01-06T13:40:16Z,sr:match:51246197,20239
c5ca79d2-9e65-4987-84da-6f26237a47b3,9a893ebb-49c4-4388-860a-fcd14fb5165e,2025-01-06T13:40:15Z,sr:match:51246715,20498
c5ca79d2-9e65-4987-84da-6f26237a47b3,32fe2ede-7779-417c-bf76-c85d27949c3c,2025-01-06T13:39:50Z,sr:match:51245821,20051
c5ca79d2-9e65-4987-84da-6f26237a47b3,d738ae03-bad4-4e7d-a966-5df056aa7626,2025-01-06T13:40:19Z,sr:match:51246309,20295
c5ca79d2-9e65-4987-84da-6f26237a47b3,d9fd3ebe-aabf-49f5-886e-b3b632b11541,2025-01-06T13:40:19Z,sr:match:51246653,20467
c5ca79d2-9e65-4987-84da-6f26237a47b3,6f89066a-fc68-43a4-8e3f-a5d3255a5f19,2025-01-06T13:40:04Z,sr:match:51246279,20280
c5ca79d2-9e65-4987-84da-6f26237a47b3,77cf0f2a-7d66-4513-ab10-5c0c8921e9d3,2025-01-06T13:40:05Z,sr:match:51246191,20236
c5ca79d2-9e65-4987-84da-6f26237a47b3,4be3d563-8186-44de-90bb-d2330f29a65a,2025-01-06T13:39:54Z,sr:match:51246703,20492
c5ca79d2-9e65-4987-84da-6f26237a47b3,4d9fecc6-296b-4b18-b31d-1fe72594b7b6,2025-01-06T13:39:55Z,sr:match:51246115,20198
c5ca79d2-9e65-4987-84da-6f26237a47b3,25ef08fe-3cf3-478c-a808-8f5a5ee15a87,2025-01-06T13:39:49Z,sr:match:51246321,20301
c5ca79d2-9e65-4987-84da-6f26237a47b3,c38f950e-c6f8-47b7-94ea-3f5403b710fb,2025-01-06T13:40:18Z,sr:match:51246651,20466
c5ca79d2-9e65-4987-84da-6f26237a47b3,5e4fcf93-654a-4197-bbad-223f1cd1b436,2025-01-06T13:39:56Z,sr:match:51246227,20254
c5ca79d2-9e65-4987-84da-6f26237a47b3,a6f09b4c-92da-49ff-97b1-9bd42fff2ea6,2025-01-06T13:40:16Z,sr:match:51245761,20021
c5ca79d2-9e65-4987-84da-6f26237a47b3,4a65772c-c6f1-4cb1-a309-234a6bbe356c,2025-01-06T13:39:53Z,sr:match:51246953,20616
c5ca79d2-9e65-4987-84da-6f26237a47b3,7d07222c-e8c8-402b-aa9d-229305a7def9,2025-01-06T13:40:12Z,sr:match:51245867,20074
c5ca79d2-9e65-4987-84da-6f26237a47b3,957596b9-2378-4fc8-bfa0-e9de04a1cfcf,2025-01-06T13:40:14Z,sr:match:51246287,20284
c5ca79d2-9e65-4987-84da-6f26237a47b3,573e2c4d-10ec-4357-be10-da89cf620380,2025-01-06T13:39:55Z,sr:match:51246205,20243
c5ca79d2-9e65-4987-84da-6f26237a47b3,6f11230d-8605-49bd-a6fc-9887225926a6,2025-01-06T13:40:11Z,sr:match:51246333,20307
c5ca79d2-9e65-4987-84da-6f26237a47b3,25fba1e2-6169-42c6-8761-bbe88dcd25c5,2025-01-06T13:39:48Z,sr:match:51246561,20421
c5ca79d2-9e65-4987-84da-6f26237a47b3,955927d7-ab86-4b8b-a209-f2124e46c463,2025-01-06T13:40:14Z,sr:match:51246255,20268
c5ca79d2-9e65-4987-84da-6f26237a47b3,d619d7a9-486e-4775-bb8a-9998bdd7507a,2025-01-06T13:43:13Z,sr:match:51246941,20610
c5ca79d2-9e65-4987-84da-6f26237a47b3,9ea2b4de-940f-4b23-b37f-682e73e9e63a,2025-01-06T13:40:16Z,sr:match:51246717,20499
c5ca79d2-9e65-4987-84da-6f26237a47b3,84e4bc5e-5419-4580-abc1-921a72f98137,2025-01-06T13:40:08Z,sr:match:51246539,20410
c5ca79d2-9e65-4987-84da-6f26237a47b3,064a2f7f-e52b-4977-8e23-7d59e0e37d44,2025-01-06T13:39:58Z,sr:match:51246965,20622
c5ca79d2-9e65-4987-84da-6f26237a47b3,cbb8ee9e-17aa-4aea-9025-e52bba05c3ec,2025-01-06T13:40:18Z,sr:match:51246429,20355
c5ca79d2-9e65-4987-84da-6f26237a47b3,fbc4d98f-2c47-41a8-8ead-c2f4d25fd73f,2025-01-06T13:40:20Z,sr:match:51246839,20559
c5ca79d2-9e65-4987-84da-6f26237a47b3,1764fe50-4406-4152-8cf9-7762351545ad,2025-01-06T13:39:46Z,sr:match:51245969,20125
c5ca79d2-9e65-4987-84da-6f26237a47b3,49b52aba-9853-4e99-a137-e083652fcd4c,2025-01-06T13:40:10Z,sr:match:51246209,20245
c5ca79d2-9e65-4987-84da-6f26237a47b3,1cbbca35-b508-4f81-96ac-c78022294b16,2025-01-06T13:39:42Z,sr:match:51246817,20548
c5ca79d2-9e65-4987-84da-6f26237a47b3,5c27aebb-ccbc-4c71-b266-ec78e149f8bc,2025-01-06T13:40:10Z,sr:match:51246307,20294
c5ca79d2-9e65-4987-84da-6f26237a47b3,3d2a76f5-f2d4-4b41-91fe-b6c96b72cccf,2025-01-06T13:39:50Z,sr:match:51246391,20336
c5ca79d2-9e65-4987-84da-6f26237a47b3,ed39b25a-8f51-49aa-b70d-d19ac3a82bcc,2025-01-06T13:40:19Z,sr:match:51245857,20069
c5ca79d2-9e65-4987-84da-6f26237a47b3,f51be3ac-451a-4b4d-b545-d56e5d3d6514,2025-01-06T13:40:20Z,sr:match:51246337,20309
c5ca79d2-9e65-4987-84da-6f26237a47b3,f7de4c94-771e-41ee-ad5b-0fa51248c4d5,2025-01-06T13:40:20Z,sr:match:51246061,20171
c5ca79d2-9e65-4987-84da-6f26237a47b3,aaac09fe-319e-4ab3-8d9b-baff8f7b72b4,2025-01-06T13:40:16Z,sr:match:51246801,20540
c5ca79d2-9e65-4987-84da-6f26237a47b3,32497c98-e6f0-48e4-90f2-1a7c3600cc21,2025-01-06T13:40:10Z,sr:match:51246303,20292
c5ca79d2-9e65-4987-84da-6f26237a47b3,b0f190a1-2c5e-4e67-bf92-c058c67030b4,2025-01-06T13:40:17Z,sr:match:51246399,20340
c5ca79d2-9e65-4987-84da-6f26237a47b3,96ed9ec2-86e4-4358-91a6-669723aaac7d,2025-01-06T13:40:14Z,sr:match:51246029,20155
c5ca79d2-9e65-4987-84da-6f26237a47b3,d1311b9f-8766-44ce-b733-e8b408c0bbda,2025-01-06T13:40:18Z,sr:match:51245801,20041
c5ca79d2-9e65-4987-84da-6f26237a47b3,9cd2bb52-70e0-4f2d-9314-0ce0f5227ae2,2025-01-06T13:40:15Z,sr:match:51246709,20495
c5ca79d2-9e65-4987-84da-6f26237a47b3,acbd8135-0582-400a-b9c7-51b484196230,2025-01-06T13:40:16Z,sr:match:51246323,20302
c5ca79d2-9e65-4987-84da-6f26237a47b3,283c862b-bb6c-412b-9388-b3ae2aa1d8f2,2025-01-06T13:40:00Z,sr:match:51246153,20217
c5ca79d2-9e65-4987-84da-6f26237a47b3,9a005361-9a21-4cf3-a403-93c799b9e6d9,2025-01-06T13:40:15Z,sr:match:51246435,20358
c5ca79d2-9e65-4987-84da-6f26237a47b3,e2590eee-46f2-4f71-af03-f3cade6c4bde,2025-01-06T13:40:19Z,sr:match:51246169,20225
c5ca79d2-9e65-4987-84da-6f26237a47b3,c0a07392-0a5f-4a93-8a4a-028e18cf6497,2025-01-06T13:40:18Z,sr:match:51246213,20247
c5ca79d2-9e65-4987-84da-6f26237a47b3,f025c4bd-db5f-4637-9c5f-0c98082281d4,2025-01-06T13:40:19Z,sr:match:51246387,20334
c5ca79d2-9e65-4987-84da-6f26237a47b3,4b8526ba-4681-4634-b2f4-56df24503546,2025-01-06T13:39:54Z,sr:match:51246515,20398
c5ca79d2-9e65-4987-84da-6f26237a47b3,2e85f556-e363-44b5-a0c0-63ac09b4dad8,2025-01-06T13:40:00Z,sr:match:51245787,20034
c5ca79d2-9e65-4987-84da-6f26237a47b3,37a6cac3-3fd6-4f80-b99a-cefe518268d2,2025-01-06T13:40:00Z,sr:match:51246059,20170
c5ca79d2-9e65-4987-84da-6f26237a47b3,798cadad-d871-460b-b836-e2c9329accc8,2025-01-06T13:40:06Z,sr:match:51246609,20445
c5ca79d2-9e65-4987-84da-6f26237a47b3,5db081ca-e674-4fb0-be04-c57d0abef9c9,2025-01-06T13:39:55Z,sr:match:51245873,20077
c5ca79d2-9e65-4987-84da-6f26237a47b3,c5395e5e-5006-4d11-afbe-91e8b2e061a1,2025-01-06T13:40:18Z,sr:match:51246025,20153
c5ca79d2-9e65-4987-84da-6f26237a47b3,30e6e040-01d8-446b-8647-8049c3c0056b,,sr:match:51246063,20172
c5ca79d2-9e65-4987-84da-6f26237a47b3,6fa8c85f-51e5-4151-82da-ec1ac54db7d8,2025-01-06T13:40:11Z,sr:match:51246879,20579
c5ca79d2-9e65-4987-84da-6f26237a47b3,8b2f47c4-8c29-47cf-b236-857c97909364,2025-01-06T13:40:10Z,sr:match:51246219,20250
c5ca79d2-9e65-4987-84da-6f26237a47b3,2317d8ca-acfb-470b-8533-a53294add924,2025-01-06T13:39:50Z,sr:match:51246829,20554
c5ca79d2-9e65-4987-84da-6f26237a47b3,2307d81b-070a-4576-91f3-8d2ef503f9c0,2025-01-06T13:39:49Z,sr:match:51245789,20035
c5ca79d2-9e65-4987-84da-6f26237a47b3,e2b775e4-590c-4ace-9fe7-f8a8c3eb9ed9,2025-01-06T13:40:19Z,sr:match:51246769,20524
c5ca79d2-9e65-4987-84da-6f26237a47b3,ee1e16c7-e6a7-4d30-8870-f8b699b26b18,2025-01-06T13:40:19Z,sr:match:51246299,20290
c5ca79d2-9e65-4987-84da-6f26237a47b3,0d9d9419-d0a9-4132-849c-1d3d7b6f39ba,2025-01-06T13:39:59Z,sr:match:51246867,20573
c5ca79d2-9e65-4987-84da-6f26237a47b3,ee1194f2-666d-4d6a-885d-df5a6dccec27,2025-01-06T13:40:19Z,sr:match:51246877,20578
c5ca79d2-9e65-4987-84da-6f26237a47b3,4e0103a7-ac58-42c9-848c-70e11db82a77,2025-01-06T13:39:54Z,sr:match:51246885,20582
c5ca79d2-9e65-4987-84da-6f26237a47b3,991af8a1-18de-44db-b49b-f00613b85ada,2025-01-06T13:43:15Z,sr:match:51246943,20611
c5ca79d2-9e65-4987-84da-6f26237a47b3,7f2c3c0f-0782-4491-b173-f9590d40e5e2,2025-01-06T13:40:07Z,sr:match:51246051,20166
c5ca79d2-9e65-4987-84da-6f26237a47b3,0c9918e5-5bf6-4790-b1b1-c0f9bf4544a4,2025-01-06T13:39:40Z,sr:match:51246231,20256
c5ca79d2-9e65-4987-84da-6f26237a47b3,5159a893-58ac-4b3c-a8d1-3669e5a4acd3,2025-01-06T13:39:55Z,sr:match:51246199,20240
c5ca79d2-9e65-4987-84da-6f26237a47b3,dd8a2073-4101-4ec7-bb61-8c9765366a3b,2025-01-06T13:40:19Z,sr:match:51246417,20349
c5ca79d2-9e65-4987-84da-6f26237a47b3,444d9d44-5a4b-4f75-aa9f-7ec2f3705bf7,2025-01-06T13:39:50Z,sr:match:51245927,20104
c5ca79d2-9e65-4987-84da-6f26237a47b3,16c83b09-ddc3-4110-aeb0-493d7c9ae58c,2025-01-06T13:39:42Z,sr:match:51246883,20581
c5ca79d2-9e65-4987-84da-6f26237a47b3,6464d0bd-022e-43b1-80d4-c939eaddf6eb,2025-01-06T13:40:02Z,sr:match:51246193,20237
c5ca79d2-9e65-4987-84da-6f26237a47b3,7ce8160c-94a9-4d6e-8c33-87ac029cfd9c,2025-01-06T13:40:06Z,sr:match:51246745,20512
c5ca79d2-9e65-4987-84da-6f26237a47b3,d752c269-4bea-4754-9693-83d8410bf2ca,2025-01-06T13:40:19Z,sr:match:51246607,20444
c5ca79d2-9e65-4987-84da-6f26237a47b3,03e5d0ce-0881-4792-8a1e-713b7b504385,2025-01-06T13:39:56Z,sr:match:51246863,20571
c5ca79d2-9e65-4987-84da-6f26237a47b3,90031758-40e7-4472-9c91-c43ce05fcfb6,2025-01-06T13:40:14Z,sr:match:51246763,20521
c5ca79d2-9e65-4987-84da-6f26237a47b3,b1f4854d-0236-42c1-be40-4ad31ac629ac,2025-01-06T13:40:17Z,sr:match:51245987,20134
c5ca79d2-9e65-4987-84da-6f26237a47b3,f09a9c92-055e-4871-8d10-cb803669f645,2025-01-06T13:40:20Z,sr:match:51246045,20163
c5ca79d2-9e65-4987-84da-6f26237a47b3,9b08ad77-b64f-4b5e-84f5-71b0a1a3fc9c,2025-01-06T13:40:15Z,sr:match:51246537,20409
c5ca79d2-9e65-4987-84da-6f26237a47b3,b2c918f4-43d7-45a3-a330-0bf92d5b8609,2025-01-06T13:40:16Z,sr:match:51246083,20182
c5ca79d2-9e65-4987-84da-6f26237a47b3,4d9dfa32-8a2d-409d-9f69-f7a270eb4668,2025-01-06T13:39:54Z,sr:match:51245829,20055
c5ca79d2-9e65-4987-84da-6f26237a47b3,f13d4712-0911-41e5-bcc6-7a42e16d05ce,2025-01-06T13:40:20Z,sr:match:51246445,20363
c5ca79d2-9e65-4987-84da-6f26237a47b3,c8f2be1d-0f6b-4ebc-aa1b-e5e5f761dc54,2025-01-06T13:40:18Z,sr:match:51246139,20210
c5ca79d2-9e65-4987-84da-6f26237a47b3,ca809ac1-ee35-4f19-9b31-b7ffd32ffb63,2025-01-06T13:40:18Z,sr:match:51245995,20138
c5ca79d2-9e65-4987-84da-6f26237a47b3,98ab1bb0-e0cf-43bb-b02c-d62881c169ca,,sr:match:51246875,20577
c5ca79d2-9e65-4987-84da-6f26237a47b3,0e079ffb-2082-476c-b63e-1a290e7ae201,2025-01-07T04:16:26Z,sr:match:51246997,20638
c5ca79d2-9e65-4987-84da-6f26237a47b3,b2fb2392-9b52-4474-8f6c-f20e903b8808,2025-01-06T13:40:17Z,sr:match:51246973,20626
c5ca79d2-9e65-4987-84da-6f26237a47b3,df9e8ade-4c16-4c4d-8128-4bae53de1497,2025-01-06T13:40:19Z,sr:match:51246631,20456
c5ca79d2-9e65-4987-84da-6f26237a47b3,0b0e0f0f-1b04-46da-95c1-dd1f146589eb,2025-01-06T13:39:39Z,sr:match:51246453,20367
c5ca79d2-9e65-4987-84da-6f26237a47b3,c96fac0e-bf12-43c7-8a2b-e8658cb62fba,2025-01-06T13:40:18Z,sr:match:51246679,20480
c5ca79d2-9e65-4987-84da-6f26237a47b3,03296236-0d2d-4cb7-ab77-1d51c1e39698,2025-01-06T13:39:39Z,sr:match:51246489,20385
c5ca79d2-9e65-4987-84da-6f26237a47b3,e928d16b-801b-465f-9e9c-b47221f0da32,2025-01-06T13:40:19Z,sr:match:51246053,20167
c5ca79d2-9e65-4987-84da-6f26237a47b3,0cda0b27-87ff-43a0-b838-88baf78f1dd4,2025-01-06T13:40:09Z,sr:match:51245779,20030
c5ca79d2-9e65-4987-84da-6f26237a47b3,8236e980-9e0a-4509-a026-b293699f07d5,2025-01-06T13:40:07Z,sr:match:51246615,20448
c5ca79d2-9e65-4987-84da-6f26237a47b3,63869719-2841-4ca5-81ff-1eb3a3958bcd,2025-01-06T13:40:01Z,sr:match:51245731,20006
c5ca79d2-9e65-4987-84da-6f26237a47b3,dca93008-ca98-4a43-aba5-1e75dd5227d5,2025-01-06T13:40:19Z,sr:match:51246645,20463
c5ca79d2-9e65-4987-84da-6f26237a47b3,ce2c84e6-1847-455b-bb05-d1b946525c3d,2025-01-06T13:40:18Z,sr:match:51246037,20159
c5ca79d2-9e65-4987-84da-6f26237a47b3,bb4c58cc-7471-462f-a136-4d41d4a3f482,2025-01-06T13:40:17Z,sr:match:51246533,20407
c5ca79d2-9e65-4987-84da-6f26237a47b3,9b7970af-4260-45c9-a019-e30ec5652619,2025-01-06T13:40:15Z,sr:match:51246113,20197
c5ca79d2-9e65-4987-84da-6f26237a47b3,14512f29-30e3-4dca-813c-23acf0a35bfd,2025-01-06T13:39:46Z,sr:match:51246167,20224
c5ca79d2-9e65-4987-84da-6f26237a47b3,c55f8533-0096-4ad9-87e3-e49b564f79ab,2025-01-06T13:40:18Z,sr:match:51245755,20018
c5ca79d2-9e65-4987-84da-6f26237a47b3,f055a68e-a7b0-417b-b9f6-fed0c7ff8e9b,2025-01-06T13:40:19Z,sr:match:51246559,20420
c5ca79d2-9e65-4987-84da-6f26237a47b3,32fae73a-6203-41b4-bbf6-70521551dd5e,2025-01-06T13:40:00Z,sr:match:51245983,20132
c5ca79d2-9e65-4987-84da-6f26237a47b3,2d44778f-e868-4db1-918c-7d6d68fa9d74,2025-01-06T13:39:50Z,sr:match:51246385,20333
c5ca79d2-9e65-4987-84da-6f26237a47b3,3ecfb542-3573-445e-a79e-536fa3d5308d,2025-01-06T13:40:10Z,sr:match:51246395,20338
c5ca79d2-9e65-4987-84da-6f26237a47b3,640e715d-225d-4114-b5af-52c0ad53ad40,2025-01-06T13:40:11Z,sr:match:51246955,20617
c5ca79d2-9e65-4987-84da-6f26237a47b3,257a6ff2-880b-418d-ac3f-53c1f5f07082,2025-01-06T13:40:00Z,sr:match:51245759,20020
c5ca79d2-9e65-4987-84da-6f26237a47b3,4bc4442c-11b1-4564-b010-8c98c8ab3739,2025-01-06T13:40:01Z,sr:match:51246291,20286
c5ca79d2-9e65-4987-84da-6f26237a47b3,f01b8086-7811-46ce-b449-60080bb46df2,2025-01-06T13:40:19Z,sr:match:51246945,20612
c5ca79d2-9e65-4987-84da-6f26237a47b3,eb6f6c88-35d8-48ca-a4c2-55cb55bbd84c,2025-01-06T13:40:19Z,sr:match:51246629,20455
c5ca79d2-9e65-4987-84da-6f26237a47b3,84161202-413c-495a-bde0-f4ece337b789,2025-01-06T13:40:13Z,sr:match:51246469,20375
c5ca79d2-9e65-4987-84da-6f26237a47b3,5245e816-02d4-4aa5-9123-e719290fa75e,2025-01-06T13:40:10Z,sr:match:51246089,20185
c5ca79d2-9e65-4987-84da-6f26237a47b3,ecd3e6ad-a58b-4b12-b054-5ee86291a1a0,2025-01-06T13:40:19Z,sr:match:51246357,20319
c5ca79d2-9e65-4987-84da-6f26237a47b3,d79b1f16-5883-4278-9a2e-adbf2b1946e8,2025-01-06T13:40:19Z,sr:match:51245931,20106
c5ca79d2-9e65-4987-84da-6f26237a47b3,1ed7259f-fabb-472e-9f3d-c4dc8470bd72,2025-01-06T13:39:43Z,sr:match:51246347,20314
c5ca79d2-9e65-4987-84da-6f26237a47b3,d1b9e44a-4ed4-4fc9-ae86-b1d8b60f6209,2025-01-06T13:40:18Z,sr:match:51245967,20124
c5ca79d2-9e65-4987-84da-6f26237a47b3,f1a1ab4a-5018-4de6-b78f-ed3d2fb30f79,2025-01-06T13:40:19Z,sr:match:51246643,20462
c5ca79d2-9e65-4987-84da-6f26237a47b3,8660232d-8905-4613-a406-ff63da802695,2025-01-06T13:40:09Z,sr:match:51246749,20514
c5ca79d2-9e65-4987-84da-6f26237a47b3,982c73ef-aab6-4d2a-9db1-478d447ec4d7,2025-01-06T13:40:14Z,sr:match:51246825,20552
c5ca79d2-9e65-4987-84da-6f26237a47b3,c9eaab21-5f85-4ea0-906d-23c0adb503d3,2025-01-06T13:40:18Z,sr:match:51246373,20327
c5ca79d2-9e65-4987-84da-6f26237a47b3,d72a672f-30bd-4269-a026-5d5af36bd552,2025-01-06T13:40:19Z,sr:match:51246195,20238
c5ca79d2-9e65-4987-84da-6f26237a47b3,03777373-5028-4d11-8a72-6becc516b3e7,2025-01-06T13:39:39Z,sr:match:51246111,20196
c5ca79d2-9e65-4987-84da-6f26237a47b3,6f14afd1-8d8e-476a-98db-de16f4eaa513,2025-01-06T13:40:02Z,sr:match:51246087,20184
c5ca79d2-9e65-4987-84da-6f26237a47b3,498289f0-300a-4e52-9c0c-1711ca7f3940,2025-01-06T13:39:54Z,sr:match:51246931,20605
c5ca79d2-9e65-4987-84da-6f26237a47b3,99435cec-9092-4693-9d6b-6dbb8c027821,2025-01-06T13:40:15Z,sr:match:51246001,20141
c5ca79d2-9e65-4987-84da-6f26237a47b3,ffe7018b-9215-4939-86e6-cb24c6d5deeb,2025-01-06T13:40:20Z,sr:match:51245923,20102
c5ca79d2-9e65-4987-84da-6f26237a47b3,46571e3d-71eb-45e7-9cbf-e28db8ac6bc0,2025-01-06T13:39:51Z,sr:match:51245823,20052
c5ca79d2-9e65-4987-84da-6f26237a47b3,392ef3c9-db32-4295-b9cf-6a05543bd287,2025-01-06T13:39:50Z,sr:match:51245895,20088
c5ca79d2-9e65-4987-84da-6f26237a47b3,2f6038f6-b4ea-485d-9082-05bffe5db516,2025-01-06T13:40:09Z,sr:match:51246869,20574
c5ca79d2-9e65-4987-84da-6f26237a47b3,033cb4ae-2970-46da-9659-5022ba00cde1,2025-01-06T13:39:39Z,sr:match:51245835,20058
c5ca79d2-9e65-4987-84da-6f26237a47b3,f23464ec-9b42-46ac-a0cb-539ad626870e,2025-01-06T13:40:19Z,sr:match:51246437,20359
c5ca79d2-9e65-4987-84da-6f26237a47b3,611dc44e-d4b8-49ed-a6ce-610e42acb160,2025-01-06T13:40:11Z,sr:match:51246331,20306
c5ca79d2-9e65-4987-84da-6f26237a47b3,ea074b55-1118-4188-a5f5-64b0775acf2e,2025-01-06T13:40:19Z,sr:match:51246759,20519
c5ca79d2-9e65-4987-84da-6f26237a47b3,916b1dd5-cd6c-4c04-9bff-01c1cecd7212,2025-01-06T13:40:14Z,sr:match:51246041,20161
c5ca79d2-9e65-4987-84da-6f26237a47b3,453c6a76-85f9-4377-9cb7-6e7064108957,2025-01-06T13:40:10Z,sr:match:51246397,20339
c5ca79d2-9e65-4987-84da-6f26237a47b3,cb0e3b3f-117e-4fcb-a09d-5756d7d3e954,2025-01-06T13:40:18Z,sr:match:51246099,20190
c5ca79d2-9e65-4987-84da-6f26237a47b3,79b1cab3-7c8b-4166-b6d0-928507b3f1ef,2025-01-06T13:40:06Z,sr:match:51246579,20430
c5ca79d2-9e65-4987-84da-6f26237a47b3,1160f580-ba7e-4e38-8a2a-7616530cd4fa,2025-01-06T13:39:39Z,sr:match:51246405,20343
c5ca79d2-9e65-4987-84da-6f26237a47b3,52138a9f-ad21-4350-9877-9d8a9f1b363f,2025-01-06T13:40:02Z,sr:match:51246079,20180
c5ca79d2-9e65-4987-84da-6f26237a47b3,9d8b27d2-375d-4583-992f-06bc6a6068cd,2025-01-06T13:40:15Z,sr:match:51246525,20403
c5ca79d2-9e65-4987-84da-6f26237a47b3,8c3090af-028e-4d15-98a6-eb15e0800079,2025-01-06T13:40:11Z,sr:match:51246823,20551
c5ca79d2-9e65-4987-84da-6f26237a47b3,e170e8c4-7f82-440d-9576-349afff8b453,2025-01-06T23:10:08Z,sr:match:51246993,20636
c5ca79d2-9e65-4987-84da-6f26237a47b3,6712d996-87f7-4b89-911e-c274b791a6e7,2025-01-06T13:40:02Z,sr:match:51245815,20048
c5ca79d2-9e65-4987-84da-6f26237a47b3,729b8063-e021-4f13-ad18-e3904c1800f9,2025-01-06T13:40:11Z,sr:match:51246235,20258
c5ca79d2-9e65-4987-84da-6f26237a47b3,637aacde-660b-4c15-8ca8-32629ffe8db9,2025-01-06T13:40:01Z,sr:match:51246917,20598
c5ca79d2-9e65-4987-84da-6f26237a47b3,fb7f682d-4f28-4f13-a428-43b98590ac6a,2025-01-06T13:40:20Z,sr:match:51245817,20049
c5ca79d2-9e65-4987-84da-6f26237a47b3,a55f4b72-e01e-42af-89a0-3cee8b472fb2,2025-01-06T13:40:17Z,sr:match:51246549,20415
c5ca79d2-9e65-4987-84da-6f26237a47b3,047745b2-b637-40c6-8bb8-67bae0af3c0b,2025-01-06T13:39:46Z,sr:match:51246595,20438
c5ca79d2-9e65-4987-84da-6f26237a47b3,5015d1e3-33df-4813-a3d8-b5916f6ce982,2025-01-06T13:39:54Z,sr:match:51245999,20140
c5ca79d2-9e65-4987-84da-6f26237a47b3,eaede055-75be-44f0-9ca0-07846fe8f093,2025-01-06T13:40:19Z,sr:match:51246233,20257
c5ca79d2-9e65-4987-84da-6f26237a47b3,46679a82-7dec-4e98-a8d7-e24d7a0a80c2,2025-01-06T13:40:10Z,sr:match:51246425,20353
c5ca79d2-9e65-4987-84da-6f26237a47b3,6fb09fe8-59f7-4ad0-b269-76612c59747e,2025-01-06T13:40:03Z,sr:match:51245827,20054
c5ca79d2-9e65-4987-84da-6f26237a47b3,abd06eaa-6dac-491a-810e-221bcde86ba4,2025-01-06T13:40:15Z,sr:match:51246151,20216
c5ca79d2-9e65-4987-84da-6f26237a47b3,5fb1de26-8953-4f7c-9686-92f1a5d8cbd1,2025-01-06T13:40:02Z,sr:match:51246319,20300
c5ca79d2-9e65-4987-84da-6f26237a47b3,2913c43b-ddf3-44a8-8169-d7222518fdda,2025-01-06T13:39:50Z,sr:match:51246247,20264
c5ca79d2-9e65-4987-84da-6f26237a47b3,8a2de3ed-2861-4de1-985b-c396bd1432d4,2025-01-06T13:40:08Z,sr:match:51245763,20022
c5ca79d2-9e65-4987-84da-6f26237a47b3,ba95128c-f4bf-4780-ba0a-c2753ca18866,2025-01-06T13:40:16Z,sr:match:51246545,20413
c5ca79d2-9e65-4987-84da-6f26237a47b3,388aeb39-b442-4a3b-b577-261487666031,2025-01-06T13:40:10Z,sr:match:51246249,20265
c5ca79d2-9e65-4987-84da-6f26237a47b3,489b576d-3517-4ac9-b7fb-f157af56e24e,2025-01-06T13:39:50Z,sr:match:51246827,20553
c5ca79d2-9e65-4987-84da-6f26237a47b3,99b5605c-f7e3-4363-a95c-575a90cd2fcb,2025-01-06T13:40:15Z,sr:match:51245771,20026
c5ca79d2-9e65-4987-84da-6f26237a47b3,2ca1c9ae-6f11-4881-b752-d3d91f04b5ad,2025-01-06T13:39:50Z,sr:match:51246301,20291
c5ca79d2-9e65-4987-84da-6f26237a47b3,7d91753e-432f-432d-8b31-989e5893de80,2025-01-06T13:40:07Z,sr:match:51246161,20221
c5ca79d2-9e65-4987-84da-6f26237a47b3,0eff807a-3d52-4309-9ff3-11d7ccd41c42,2025-01-06T13:40:09Z,sr:match:51246315,20298
c5ca79d2-9e65-4987-84da-6f26237a47b3,bc8f49fd-43c9-4453-a131-5fab99e6f530,2025-01-06T13:40:18Z,sr:match:51246733,20506
c5ca79d2-9e65-4987-84da-6f26237a47b3,b0f4b7a4-49a8-443f-bc8e-034b54c63ca7,2025-01-06T13:40:16Z,sr:match:51246597,20439
c5ca79d2-9e65-4987-84da-6f26237a47b3,69f18bbf-efa9-4711-a1b3-0e61844c4d77,2025-01-06T13:40:03Z,sr:match:51246217,20249
c5ca79d2-9e65-4987-84da-6f26237a47b3,62cefa56-d22c-490f-9091-b63dff21140a,2025-01-06T13:40:02Z,sr:match:51245965,20123
c5ca79d2-9e65-4987-84da-6f26237a47b3,53115e51-f5bd-4d29-8b69-492d6f496c31,2025-01-06T13:39:55Z,sr:match:51246441,20361
c5ca79d2-9e65-4987-84da-6f26237a47b3,d0230358-0e27-455b-a1d0-5b905088b46c,2025-01-06T13:40:18Z,sr:match:51245769,20025
c5ca79d2-9e65-4987-84da-6f26237a47b3,4fcadc8e-b3cf-4529-89f8-188edb402f82,2025-01-06T13:40:01Z,sr:match:51246925,20602
c5ca79d2-9e65-4987-84da-6f26237a47b3,bf8b9507-7585-4ac0-9ac6-becaa2d9bb6f,2025-01-06T13:40:18Z,sr:match:51246125,20203
c5ca79d2-9e65-4987-84da-6f26237a47b3,c7f7ebca-1377-4b8a-b892-ca29f7b3e7fc,2025-01-06T13:40:18Z,sr:match:51246797,20538
c5ca79d2-9e65-4987-84da-6f26237a47b3,8c41656b-69fa-41c6-b8c8-1dcfaaeb233a,2025-01-06T13:40:10Z,sr:match:51246097,20189
c5ca79d2-9e65-4987-84da-6f26237a47b3,70fa8b97-e073-43ee-9585-55f9d49f2abc,2025-01-06T13:40:11Z,sr:match:51246351,20316
c5ca79d2-9e65-4987-84da-6f26237a47b3,a2835bd6-82bc-422c-b90f-ec0eaf2ffee4,2025-01-06T13:40:15Z,sr:match:51245851,20066
c5ca79d2-9e65-4987-84da-6f26237a47b3,24939d3e-5cf0-4fc5-b9ae-e55e35e5dfcc,2025-01-06T13:40:00Z,sr:match:51246523,20402
c5ca79d2-9e65-4987-84da-6f26237a47b3,53a1cde1-a5fb-46d7-892b-60b33ec4c9d6,2025-01-06T13:39:55Z,sr:match:51246339,20310
c5ca79d2-9e65-4987-84da-6f26237a47b3,ded50e36-2c43-4779-9ef6-ad6730539c74,2025-01-06T13:40:19Z,sr:match:51246691,20486
c5ca79d2-9e65-4987-84da-6f26237a47b3,cb62c7e9-8b57-4c0d-a16f-670f52d3dd35,2025-01-06T13:40:18Z,sr:match:51246215,20248
c5ca79d2-9e65-4987-84da-6f26237a47b3,ce9963ff-a564-4cdc-a1f8-d6d6ad56e841,2025-01-06T13:40:18Z,sr:match:51246599,20440
c5ca79d2-9e65-4987-84da-6f26237a47b3,15278f02-39b3-4bd3-b4ba-1e3d3f5af2cc,2025-01-06T13:39:46Z,sr:match:51245833,20057
c5ca79d2-9e65-4987-84da-6f26237a47b3,7d6a49ef-9395-4dbf-bee2-d9659ef8989a,2025-01-06T13:40:07Z,sr:match:51246411,20346
c5ca79d2-9e65-4987-84da-6f26237a47b3,1db00e97-5f01-40e1-b062-eb1dcdf0a188,2025-01-06T13:40:09Z,sr:match:51246285,20283
c5ca79d2-9e65-4987-84da-6f26237a47b3,7de2321b-56bb-445b-a87e-9f4e1a7f00c1,2025-01-06T13:40:07Z,sr:match:51246889,20584
c5ca79d2-9e65-4987-84da-6f26237a47b3,b0af8cb1-1079-441f-85e0-afa00746b299,2025-01-06T13:40:16Z,sr:match:51246671,20476
c5ca79d2-9e65-4987-84da-6f26237a47b3,4757a38b-927b-452a-9d52-3c594a7bc416,2025-01-06T13:39:51Z,sr:match:51246465,20373
c5ca79d2-9e65-4987-84da-6f26237a47b3,98431325-3fa6-467a-b9f3-ca9e0e017ede,2025-01-06T13:40:15Z,sr:match:51246159,20220
c5ca79d2-9e65-4987-84da-6f26237a47b3,42eff148-5a74-4fbd-acb8-5b3041002fc6,2025-01-06T13:39:51Z,sr:match:51246811,20545
c5ca79d2-9e65-4987-84da-6f26237a47b3,349d4927-90fb-4dc8-91ef-86313f2e094e,2025-01-06T13:39:50Z,sr:match:51246581,20431
c5ca79d2-9e65-4987-84da-6f26237a47b3,803c4fd3-bd7f-4c73-bd73-0874baf59463,2025-01-06T13:40:07Z,sr:match:51246831,20555
c5ca79d2-9e65-4987-84da-6f26237a47b3,c8f1196a-8dd7-4ba1-b703-3a89dc6aa61e,2025-01-06T13:40:18Z,sr:match:51246085,20183
c5ca79d2-9e65-4987-84da-6f26237a47b3,7b681fb1-1630-41db-86cf-8b565feb58b5,2025-01-06T13:40:06Z,sr:match:51246141,20211
c5ca79d2-9e65-4987-84da-6f26237a47b3,713ecd10-f43c-448d-a583-d4d3ee526199,2025-01-06T13:40:03Z,sr:match:51246517,20399
c5ca79d2-9e65-4987-84da-6f26237a47b3,6ebc3789-c5eb-414e-80d7-a30ddd945bf2,2025-01-06T13:40:11Z,sr:match:51245849,20065
c5ca79d2-9e65-4987-84da-6f26237a47b3,faa4e9d1-cc40-46d4-ab1e-79c8cb753e00,2025-01-06T13:40:19Z,sr:match:51246341,20311
c5ca79d2-9e65-4987-84da-6f26237a47b3,8c3a73ed-a9da-4357-b425-4171de74ff28,2025-01-06T13:40:07Z,sr:match:51246081,20181
c5ca79d2-9e65-4987-84da-6f26237a47b3,6633d462-8553-424c-8a09-24ebe07e1dc4,2025-01-06T13:40:11Z,sr:match:51246747,20513
c5ca79d2-9e65-4987-84da-6f26237a47b3,11f2cb7d-9225-4330-9dd8-6470a6cb7866,2025-01-06T13:39:57Z,sr:match:51245797,20039
c5ca79d2-9e65-4987-84da-6f26237a47b3,70720902-246a-4fdf-876c-4da96bd38e16,2025-01-06T13:40:03Z,sr:match:51246777,20528
c5ca79d2-9e65-4987-84da-6f26237a47b3,5200ff76-b12c-4f36-92b6-8fb29fec881a,2025-01-06T13:40:01Z,sr:match:51245765,20023
c5ca79d2-9e65-4987-84da-6f26237a47b3,33c3f750-4339-4478-9d1a-1ef2a624b53e,2025-01-06T13:40:01Z,sr:match:51245751,20016
c5ca79d2-9e65-4987-84da-6f26237a47b3,ba4a63e4-6b5d-4b54-b028-f21a1a34989c,2025-01-06T13:40:17Z,sr:match:51246573,20427
c5ca79d2-9e65-4987-84da-6f26237a47b3,f27cdd48-0531-4401-899f-f8db0a34f027,2025-01-06T13:40:20Z,sr:match:51246723,20501
c5ca79d2-9e65-4987-84da-6f26237a47b3,263b7cf9-5c2b-4199-9e6c-c45f4bbf143b,2025-01-06T13:39:49Z,sr:match:51246779,20529
c5ca79d2-9e65-4987-84da-6f26237a47b3,4bfc7031-6c74-4bf8-a592-9734ea3b3b5c,2025-01-06T13:39:55Z,sr:match:51246439,20360
c5ca79d2-9e65-4987-84da-6f26237a47b3,22b2172a-8852-4da8-8f11-7b20ede192bc,2025-01-06T15:23:17Z,sr:match:51246967,20623
c5ca79d2-9e65-4987-84da-6f26237a47b3,93c38d04-6456-4b92-93ad-614c858082c5,2025-01-06T13:40:14Z,sr:match:51245985,20133
c5ca79d2-9e65-4987-84da-6f26237a47b3,0fd5ff90-26f7-4497-82b1-b7a9dbc565bc,2025-01-06T13:39:42Z,sr:match:51246281,20281
c5ca79d2-9e65-4987-84da-6f26237a47b3,e2b9812a-fca8-4e26-b476-b06bab099735,2025-01-06T13:40:19Z,sr:match:51246471,20376
c5ca79d2-9e65-4987-84da-6f26237a47b3,1772f5c8-942b-4251-ad80-e01b97d8fe25,2025-01-06T13:39:40Z,sr:match:51246719,20500
c5ca79d2-9e65-4987-84da-6f26237a47b3,a651330b-5997-498a-b7b7-436f4569beec,2025-01-06T13:40:15Z,sr:match:51246791,20535
c5ca79d2-9e65-4987-84da-6f26237a47b3,955b7edf-846f-4b67-bef8-ab9f16ba7d79,2025-01-06T13:40:13Z,sr:match:51246117,20199
c5ca79d2-9e65-4987-84da-6f26237a47b3,f5d752ad-8ad9-4f2c-ae51-f5ac8a74f4d2,2025-01-06T13:40:20Z,sr:match:51246377,20329
c5ca79d2-9e65-4987-84da-6f26237a47b3,793da3ce-b260-4c1b-8d00-adcca9fbc492,2025-01-06T13:40:06Z,sr:match:51246699,20490
c5ca79d2-9e65-4987-84da-6f26237a47b3,1a54191e-580e-4227-90cb-c1d40629b4fd,2025-01-06T13:40:09Z,sr:match:51246685,20483
c5ca79d2-9e65-4987-84da-6f26237a47b3,c04f9232-19a9-490c-9a99-f038e2f822c8,2025-01-06T13:40:16Z,sr:match:51245913,20097
c5ca79d2-9e65-4987-84da-6f26237a47b3,8b97a24a-0400-4aed-87e9-07029e2e0479,2025-01-06T13:40:07Z,sr:match:51246665,20473
c5ca79d2-9e65-4987-84da-6f26237a47b3,fdde020d-5a3c-43c8-8519-c96911a9242f,2025-01-06T13:40:20Z,sr:match:51246611,20446
c5ca79d2-9e65-4987-84da-6f26237a47b3,d3c20e64-4c01-4c4c-8ac1-cff4441129b9,2025-01-06T13:40:18Z,sr:match:51246981,20630
c5ca79d2-9e65-4987-84da-6f26237a47b3,0aefe3e9-527f-492e-99d9-db792fbc9188,2025-01-06T13:40:09Z,sr:match:51245737,20009
c5ca79d2-9e65-4987-84da-6f26237a47b3,bcbbbfc2-5782-4e05-b87b-baa93b6f0a0e,2025-01-06T13:40:18Z,sr:match:51246701,20491
c5ca79d2-9e65-4987-84da-6f26237a47b3,d8e90823-68be-406a-897e-53eba83caea0,2025-01-06T13:40:19Z,sr:match:51246675,20478
c5ca79d2-9e65-4987-84da-6f26237a47b3,79d2a54b-bd4a-4c99-93ea-95b4f89ea0ff,2025-01-06T13:40:06Z,sr:match:51246657,20469
c5ca79d2-9e65-4987-84da-6f26237a47b3,1170af58-ddbb-4c4c-a7b5-a914469d641a,2025-01-06T13:39:44Z,sr:match:51246479,20380
c5ca79d2-9e65-4987-84da-6f26237a47b3,c9c2a63b-56db-4a73-a986-3de9684aa6b6,2025-01-06T13:40:17Z,sr:match:51246275,20278
c5ca79d2-9e65-4987-84da-6f26237a47b3,d3965955-3cd0-40c4-9399-e834b10f8bc5,2025-01-06T13:40:18Z,sr:match:51246623,20452
c5ca79d2-9e65-4987-84da-6f26237a47b3,121c64f4-6b8d-477b-80eb-bd323e8cea8b,2025-01-06T13:39:43Z,sr:match:51246015,20148
c5ca79d2-9e65-4987-84da-6f26237a47b3,cc00a171-4e66-4a71-b908-6e3035b1e268,2025-01-06T13:40:18Z,sr:match:51246035,20158
c5ca79d2-9e65-4987-84da-6f26237a47b3,44a68717-16fe-4f18-b564-61c610a2ef2c,2025-01-06T13:40:01Z,sr:match:51245975,20128
c5ca79d2-9e65-4987-84da-6f26237a47b3,a3ae700a-f0f8-4aea-896d-7c5b6d9eb553,2025-01-06T13:40:15Z,sr:match:51245859,20070
c5ca79d2-9e65-4987-84da-6f26237a47b3,8c6ed22c-07bb-4420-9728-d28180b3c584,2025-01-06T13:40:10Z,sr:match:51246907,20593
c5ca79d2-9e65-4987-84da-6f26237a47b3,760d0e87-738e-44b9-bf64-22c81a5a2b2c,2025-01-06T13:40:05Z,sr:match:51246503,20392
c5ca79d2-9e65-4987-84da-6f26237a47b3,474fedaa-0420-44d9-b0ca-449c4cd19f44,2025-01-06T13:39:51Z,sr:match:51246641,20461
c5ca79d2-9e65-4987-84da-6f26237a47b3,2c79c49d-c247-42c4-9126-a65c0ec1a1be,2025-01-06T13:40:09Z,sr:match:51245721,20001
c5ca79d2-9e65-4987-84da-6f26237a47b3,46442830-3671-4ac0-a0c4-4eca5a05bd5f,2025-01-06T13:40:01Z,sr:match:51245837,20059
c5ca79d2-9e65-4987-84da-6f26237a47b3,8fa576c3-9210-42bf-960b-dedca3bdd687,2025-01-06T13:40:13Z,sr:match:51246237,20259
c5ca79d2-9e65-4987-84da-6f26237a47b3,8a1ec728-d147-4fee-91d2-0e17e03989f8,2025-01-06T13:40:07Z,sr:match:51246403,20342
c5ca79d2-9e65-4987-84da-6f26237a47b3,79fd6fb1-8568-43a2-b25e-ad9f68c120ea,2025-01-06T13:40:06Z,sr:match:51246553,20417
c5ca79d2-9e65-4987-84da-6f26237a47b3,58bdb6f6-1579-4603-abb3-0544df28cbdc,2025-01-06T13:39:55Z,sr:match:51246335,20308
c5ca79d2-9e65-4987-84da-6f26237a47b3,a546bbe6-090f-4b50-9e10-cec7ffc003fd,2025-01-06T13:40:15Z,sr:match:51246663,20472
c5ca79d2-9e65-4987-84da-6f26237a47b3,6ae1c0c3-2aa0-4c32-9204-4c911163fb3e,2025-01-06T13:40:02Z,sr:match:51246977,20628
c5ca79d2-9e65-4987-84da-6f26237a47b3,b9c4050e-4da8-4ad8-a049-b612fee664e1,2025-01-06T13:40:17Z,sr:match:51246557,20419
c5ca79d2-9e65-4987-84da-6f26237a47b3,7aaa5498-8464-4a47-820a-237475aa05ae,2025-01-06T13:40:06Z,sr:match:51245749,20015
c5ca79d2-9e65-4987-84da-6f26237a47b3,541b061f-fc7f-480b-859e-2e3fd0a0bc32,2025-01-06T13:39:55Z,sr:match:51246355,20318
c5ca79d2-9e65-4987-84da-6f26237a47b3,085ef7ba-a409-4202-8e80-a2de629e4870,2025-01-06T13:40:09Z,sr:match:51246575,20428
c5ca79d2-9e65-4987-84da-6f26237a47b3,64a782d1-2a62-4edb-822f-d2d86926f8f0,2025-01-06T13:40:11Z,sr:match:51246483,20382
c5ca79d2-9e65-4987-84da-6f26237a47b3,5ea0c965-7a88-40a8-8235-aded2ed9c489,2025-01-06T13:40:02Z,sr:match:51245877,20079
c5ca79d2-9e65-4987-84da-6f26237a47b3,b4cbdcd6-c611-45b2-9d36-04fe96e28f1f,2025-01-06T13:40:17Z,sr:match:51246513,20397
c5ca79d2-9e65-4987-84da-6f26237a47b3,e8330230-a437-40b1-853c-f6bd98efac95,2025-01-06T13:40:19Z,sr:match:51245869,20075
c5ca79d2-9e65-4987-84da-6f26237a47b3,6346f02a-1546-47f5-8e21-a7e28b185de3,2025-01-06T13:40:11Z,sr:match:51245883,20082
c5ca79d2-9e65-4987-84da-6f26237a47b3,3555d196-b78e-483a-8dcb-e61cc8354a09,2025-01-06T13:40:10Z,sr:match:51246603,20442
c5ca79d2-9e65-4987-84da-6f26237a47b3,f6ece0dc-7453-43f1-9d5c-7ed3db64cd7c,2025-01-06T13:40:19Z,sr:match:51246565,20423
c5ca79d2-9e65-4987-84da-6f26237a47b3,6109c288-2f58-40d0-b436-8b24f5963043,2025-01-06T13:40:02Z,sr:match:51245955,20118
c5ca79d2-9e65-4987-84da-6f26237a47b3,15c8b2c8-35ad-435b-bdbf-16c0b6fad5ac,2025-01-06T13:39:43Z,sr:match:51245961,20121
c5ca79d2-9e65-4987-84da-6f26237a47b3,d756f962-a8d7-4412-bc49-c8397a1c8f5c,2025-01-06T13:40:19Z,sr:match:51246073,20177
c5ca79d2-9e65-4987-84da-6f26237a47b3,2581dc88-ef2e-423f-bdf2-7a51dcd1b9aa,2025-01-06T13:40:02Z,sr:match:51246951,20615
c5ca79d2-9e65-4987-84da-6f26237a47b3,ae3d978a-1b11-4f6f-b4bd-f9b495d96ed9,2025-01-06T13:40:16Z,sr:match:51246837,20558
c5ca79d2-9e65-4987-84da-6f26237a47b3,9d2ca817-d7be-4ea5-8d18-19adb5bdec32,2025-01-06T13:40:15Z,sr:match:51245909,20095
c5ca79d2-9e65-4987-84da-6f26237a47b3,6f15f714-fe3e-4f72-83dc-f95ea8b8c551,2025-01-06T13:40:11Z,sr:match:51246959,20619
c5ca79d2-9e65-4987-84da-6f26237a47b3,60ffd79f-814d-42ee-bd9b-f08e70b78ef6,2025-01-06T13:39:55Z,sr:match:51246915,20597
c5ca79d2-9e65-4987-84da-6f26237a47b3,ee523ace-4a9d-4013-8674-8e96878150de,2025-01-06T13:40:19Z,sr:match:51246473,20377
c5ca79d2-9e65-4987-84da-6f26237a47b3,46af6052-73b3-40d1-9d25-e929a6e0bed1,2025-01-06T13:40:10Z,sr:match:51245925,20103
c5ca79d2-9e65-4987-84da-6f26237a47b3,d05628fe-534c-4709-9d5b-3eec51a3b50e,2025-01-06T13:40:18Z,sr:match:51246563,20422
c5ca79d2-9e65-4987-84da-6f26237a47b3,5df6a26c-26a2-4ab4-bff7-43367da528fe,2025-01-06T13:39:55Z,sr:match:51246923,20601
c5ca79d2-9e65-4987-84da-6f26237a47b3,96cad88c-5f8e-4c12-8297-7f6bf13100b3,2025-01-06T13:40:14Z,sr:match:51253625,20565
c5ca79d2-9e65-4987-84da-6f26237a47b3,661f032f-dbb2-4799-ba3b-9e60b0ca34bc,2025-01-06T13:40:03Z,sr:match:51245825,20053
c5ca79d2-9e65-4987-84da-6f26237a47b3,c6769c54-0bac-4a53-a89d-5f9653d2ad08,2025-01-06T13:40:18Z,sr:match:51246239,20260
c5ca79d2-9e65-4987-84da-6f26237a47b3,34d2744f-347f-435b-97ba-8029d7baa68d,2025-01-06T13:40:01Z,sr:match:51245933,20107
c5ca79d2-9e65-4987-84da-6f26237a47b3,7fa78a47-30a2-4b7a-9a23-aa28aba890ea,2025-01-06T13:40:08Z,sr:match:51246009,20145
c5ca79d2-9e65-4987-84da-6f26237a47b3,ca6687b5-0226-46ff-a772-2a3c97ed1c65,2025-01-06T13:40:18Z,sr:match:51246507,20394
c5ca79d2-9e65-4987-84da-6f26237a47b3,41254fb2-11e6-4a0d-881f-f22fdea65e20,2025-01-06T13:39:50Z,sr:match:51246107,20194
c5ca79d2-9e65-4987-84da-6f26237a47b3,e8be7eb4-f246-4baa-b334-02bb9fe292cd,2025-01-06T13:40:19Z,sr:match:51245865,20073
c5ca79d2-9e65-4987-84da-6f26237a47b3,0e40fc16-6587-4cb7-95e5-bdbcd0f48e89,2025-01-06T13:39:57Z,sr:match:51246027,20154
c5ca79d2-9e65-4987-84da-6f26237a47b3,26a75fec-7fe1-411f-b6e9-9fda23e790c2,2025-01-06T13:40:09Z,sr:match:51246853,20566
c5ca79d2-9e65-4987-84da-6f26237a47b3,7b3283ff-0a9b-4ff3-ab25-81ed6156cd66,2025-01-06T13:40:11Z,sr:match:51245911,20096
c5ca79d2-9e65-4987-84da-6f26237a47b3,0b9353ee-5e3f-4f5b-a653-bad1637065d8,2025-01-06T13:40:08Z,sr:match:51246635,20458
c5ca79d2-9e65-4987-84da-6f26237a47b3,3bef9952-356e-43c0-9290-4766bb00ffb6,2025-01-06T13:39:50Z,sr:match:51246055,20168
c5ca79d2-9e65-4987-84da-6f26237a47b3,f8bb067e-8d3c-40e0-92e2-db841ebaeffe,2025-01-06T13:40:19Z,sr:match:51246773,20526
c5ca79d2-9e65-4987-84da-6f26237a47b3,8b1f2cbc-4b10-4c34-896e-5c8ca053610f,2025-01-06T13:40:08Z,sr:match:51245819,20050
c5ca79d2-9e65-4987-84da-6f26237a47b3,8f484039-7015-436a-9b2a-3ce23e7cbc8d,2025-01-06T13:40:11Z,sr:match:51245937,20109
c5ca79d2-9e65-4987-84da-6f26237a47b3,235e95de-5d61-4b5a-bb6f-bbe441141b27,2025-01-06T13:39:50Z,sr:match:51246757,20518
c5ca79d2-9e65-4987-84da-6f26237a47b3,11b0e0f7-8bb4-43f0-8edc-358002b27bb0,2025-01-06T13:39:39Z,sr:match:51246793,20536
c5ca79d2-9e65-4987-84da-6f26237a47b3,7f6242c6-f5f1-4446-b1d1-0ef747aadb4a,2025-01-06T13:40:07Z,sr:match:51246137,20209
c5ca79d2-9e65-4987-84da-6f26237a47b3,8d982b27-7301-41d0-99cd-e9791fa0c662,2025-01-06T13:40:13Z,sr:match:51246755,20517
c5ca79d2-9e65-4987-84da-6f26237a47b3,3d6a408f-c650-42fd-81e2-b63419fa4a9b,2025-01-06T13:39:50Z,sr:match:51246475,20378
c5ca79d2-9e65-4987-84da-6f26237a47b3,97692a2e-1ff6-4bdb-a473-71a1abce5017,2025-01-06T13:40:15Z,sr:match:51246775,20527
c5ca79d2-9e65-4987-84da-6f26237a47b3,85c77d13-edb6-430f-a30b-789521d7afab,2025-01-06T13:40:12Z,sr:match:51245889,20085
c5ca79d2-9e65-4987-84da-6f26237a47b3,1f48be95-da5e-4c11-80b6-b7c8bc75d8c3,2025-01-06T13:39:39Z,sr:match:51245929,20105
c5ca79d2-9e65-4987-84da-6f26237a47b3,5200d590-b00f-449b-b5c7-28bea1346f42,2025-01-06T13:39:55Z,sr:match:51246129,20205
c5ca79d2-9e65-4987-84da-6f26237a47b3,94a70851-a0e4-414e-a1b1-32800e2678c8,2025-01-06T13:40:14Z,sr:match:51245949,20115
c5ca79d2-9e65-4987-84da-6f26237a47b3,c3ef2ef3-89c8-479b-bc59-452f2c7b86c8,2025-01-06T13:40:18Z,sr:match:51246123,20202
c5ca79d2-9e65-4987-84da-6f26237a47b3,58a1e55c-bee5-4ff3-8511-c550ada95ef5,2025-01-06T13:39:55Z,sr:match:51246697,20489
c5ca79d2-9e65-4987-84da-6f26237a47b3,e488576b-196d-4868-a82c-c719c54643a9,2025-01-06T13:40:19Z,sr:match:51246393,20337
c5ca79d2-9e65-4987-84da-6f26237a47b3,34b3ba6a-38c0-4769-9062-f82d64bc4991,2025-01-06T13:39:50Z,sr:match:51245989,20135
c5ca79d2-9e65-4987-84da-6f26237a47b3,555e3ef7-54e8-418d-9af7-42bca198aae5,2025-01-06T13:39:54Z,sr:match:51246753,20516
c5ca79d2-9e65-4987-84da-6f26237a47b3,62d77013-e04e-4cad-82fc-ab73972c1a7d,2025-01-06T13:40:02Z,sr:match:51246317,20299
c5ca79d2-9e65-4987-84da-6f26237a47b3,010f926c-2812-4fc0-b32e-bc4a6e5610de,2025-01-06T13:39:43Z,sr:match:51246175,20228
c5ca79d2-9e65-4987-84da-6f26237a47b3,2b424aa6-a344-4bb2-8383-05e6e73e06c2,2025-01-06T13:39:50Z,sr:match:51246979,20629
c5ca79d2-9e65-4987-84da-6f26237a47b3,6229df62-ceb9-4556-a047-0b42f99e6583,2025-01-06T13:39:56Z,sr:match:51246805,20542
c5ca79d2-9e65-4987-84da-6f26237a47b3,07a2516d-4b18-40e2-b495-d2287b47be2e,2025-01-06T13:40:08Z,sr:match:51246647,20464
c5ca79d2-9e65-4987-84da-6f26237a47b3,ac8373b0-b145-44c3-9e90-285af6404fcd,2025-01-06T13:40:16Z,sr:match:51246921,20600
c5ca79d2-9e65-4987-84da-6f26237a47b3,c0c6cbef-363d-40ad-89e6-e9ff7ab6041f,2025-01-06T13:40:18Z,sr:match:51246913,20596
c5ca79d2-9e65-4987-84da-6f26237a47b3,13dcafa8-484b-40dc-83fd-aa8fb1bc0301,2025-01-06T13:39:59Z,sr:match:51246043,20162
c5ca79d2-9e65-4987-84da-6f26237a47b3,e21c981c-e32f-4696-92f9-0943baac7c7e,2025-01-06T13:40:19Z,sr:match:51246495,20388
c5ca79d2-9e65-4987-84da-6f26237a47b3,d55cc28d-3fbf-41e8-9540-081324f4b001,2025-01-06T13:40:18Z,sr:match:51245905,20093
c5ca79d2-9e65-4987-84da-6f26237a47b3,faf9633e-3f34-492e-b16c-1a6f968ad7ab,2025-01-06T13:40:19Z,sr:match:51245853,20067
c5ca79d2-9e65-4987-84da-6f26237a47b3,028491df-5875-4852-a49e-a72f11285da6,2025-01-06T13:39:45Z,sr:match:51245795,20038
c5ca79d2-9e65-4987-84da-6f26237a47b3,0eed2256-fe42-49c2-8de7-1222f4a4ff28,2025-01-06T13:39:43Z,sr:match:51246325,20303
c5ca79d2-9e65-4987-84da-6f26237a47b3,a6af3fd7-a223-476f-bf0b-938adcc04c48,2025-01-06T13:40:15Z,sr:match:51245997,20139
c5ca79d2-9e65-4987-84da-6f26237a47b3,cdf7cfdc-a05e-4145-8a61-04f9df65d65d,2025-01-06T13:40:18Z,sr:match:51245875,20078
c5ca79d2-9e65-4987-84da-6f26237a47b3,2f05c214-9316-463c-955b-74f9131cc660,,sr:match:51246893,20586
c5ca79d2-9e65-4987-84da-6f26237a47b3,b3df9907-07e2-4bca-8e72-025a9795a751,2025-01-06T13:40:16Z,sr:match:51246625,20453
c5ca79d2-9e65-4987-84da-6f26237a47b3,0c571887-f607-42d8-8b1d-68928d51fa3b,2025-01-06T13:40:09Z,sr:match:51246497,20389
c5ca79d2-9e65-4987-84da-6f26237a47b3,fa38eff2-255a-4136-971b-352ab3e17d50,2025-01-06T13:40:19Z,sr:match:51246493,20387
c5ca79d2-9e65-4987-84da-6f26237a47b3,a55024b6-47ff-447e-a841-fb206c4676ce,2025-01-06T13:40:15Z,sr:match:51245963,20122
c5ca79d2-9e65-4987-84da-6f26237a47b3,5d43250a-67bd-4c17-98ed-9749bc1e2b0b,2025-01-06T13:39:55Z,sr:match:51246201,20241
c5ca79d2-9e65-4987-84da-6f26237a47b3,68c86c80-5585-4e23-a0a4-5a9d00e9c016,2025-01-06T13:40:02Z,sr:match:51246361,20321
c5ca79d2-9e65-4987-84da-6f26237a47b3,7024bd1f-7682-4ab6-88b0-22cf90e2348d,2025-01-06T13:40:11Z,sr:match:51246093,20187
c5ca79d2-9e65-4987-84da-6f26237a47b3,bb8ded48-77a9-4a6f-b736-7f5b8b6b42f1,2025-01-06T13:40:17Z,sr:match:51245977,20129
c5ca79d2-9e65-4987-84da-6f26237a47b3,3db3754b-8dec-47c5-9281-2e3ff400895c,2025-01-06T13:39:50Z,sr:match:51245739,20010
c5ca79d2-9e65-4987-84da-6f26237a47b3,71f7b3f8-a3ca-44c0-af14-f24f8f726b29,2025-01-06T13:40:05Z,sr:match:51246739,20509
c5ca79d2-9e65-4987-84da-6f26237a47b3,182bf3ec-aabb-4007-a2b4-6cdcba4ab4d2,2025-01-06T13:39:58Z,sr:match:51246371,20326
c5ca79d2-9e65-4987-84da-6f26237a47b3,5fcb266c-ae05-4b3b-912a-e9abfa0070b4,2025-01-06T13:39:55Z,sr:match:51246587,20434
c5ca79d2-9e65-4987-84da-6f26237a47b3,8e53e881-e2bb-4738-8185-e22903e70855,2025-01-06T13:40:12Z,sr:match:51245757,20019
c5ca79d2-9e65-4987-84da-6f26237a47b3,8f501ed0-76ed-4238-bdd9-94f749b5cdd4,2025-01-06T13:40:14Z,sr:match:51246101,20191
c5ca79d2-9e65-4987-84da-6f26237a47b3,5fd64361-0223-442e-ad7d-dde4ebfd1b50,2025-01-06T13:39:56Z,sr:match:51246673,20477
c5ca79d2-9e65-4987-84da-6f26237a47b3,5a8ee47c-fb5d-409d-b836-971372bf9ff3,2025-01-06T13:39:55Z,sr:match:51246245,20263
c5ca79d2-9e65-4987-84da-6f26237a47b3,717d78c1-f2a9-484c-bd6a-af03192016b8,2025-01-06T13:40:03Z,sr:match:51246329,20305
c5ca79d2-9e65-4987-84da-6f26237a47b3,322812b2-a7a8-4485-9c35-89c1d1925e09,2025-01-06T13:40:10Z,sr:match:51246799,20539
c5ca79d2-9e65-4987-84da-6f26237a47b3,e475d3c1-310b-4621-a6e8-f4023d5af7aa,2025-01-06T23:10:08Z,sr:match:51246991,20635
c5ca79d2-9e65-4987-84da-6f26237a47b3,b95ffb92-60a4-48cc-8fa9-75c5ed509ab2,2025-01-06T13:40:17Z,sr:match:51246379,20330
c5ca79d2-9e65-4987-84da-6f26237a47b3,73b3019d-b3c8-4e3f-967e-8cfd72851737,2025-01-06T13:40:03Z,sr:match:51245733,20007
c5ca79d2-9e65-4987-84da-6f26237a47b3,2c451ecc-ad58-4cf4-8dc1-9efe8425b794,2025-01-06T13:40:01Z,sr:match:51246109,20195
c5ca79d2-9e65-4987-84da-6f26237a47b3,dfa2db0f-82bc-4d60-a8d4-c7ea3944d4e7,2025-01-06T13:40:19Z,sr:match:51246419,20350
c5ca79d2-9e65-4987-84da-6f26237a47b3,e976270c-17da-451e-a087-0d7c6d8ba537,2025-01-06T13:40:19Z,sr:match:51246649,20465
c5ca79d2-9e65-4987-84da-6f26237a47b3,da95fd78-e9ad-4b0e-a396-909da9454e98,2025-01-06T13:40:19Z,sr:match:51246005,20143
c5ca79d2-9e65-4987-84da-6f26237a47b3,ab5d7132-4558-4730-afad-fc98f2bda2c8,2025-01-06T13:40:17Z,sr:match:51246033,20157
c5ca79d2-9e65-4987-84da-6f26237a47b3,312244ae-6a9e-4709-b3aa-0080dcd9d95e,2025-01-06T13:39:50Z,sr:match:51246311,20296
c5ca79d2-9e65-4987-84da-6f26237a47b3,cfeae7b1-65b8-45df-b973-9bb0f641537a,2025-01-06T13:40:18Z,sr:match:51246589,20435
c5ca79d2-9e65-4987-84da-6f26237a47b3,79880df6-ba16-4c30-a08d-2c9afbe43c66,2025-01-06T13:40:12Z,sr:match:51246409,20345
c5ca79d2-9e65-4987-84da-6f26237a47b3,239a0400-b294-470b-b86d-c089aa6d37dd,2025-01-06T13:39:43Z,sr:match:51246521,20401
c5ca79d2-9e65-4987-84da-6f26237a47b3,5823d064-10de-401d-9363-36db423d828c,2025-01-06T13:40:11Z,sr:match:51246485,20383
c5ca79d2-9e65-4987-84da-6f26237a47b3,a3cdcab5-b6ce-4f25-91c3-26a2d40d5e0e,2025-01-06T13:40:15Z,sr:match:51246343,20312
c5ca79d2-9e65-4987-84da-6f26237a47b3,2ebe5412-0695-4d61-b95f-caac63803313,2025-01-06T13:39:50Z,sr:match:51246459,20370
c5ca79d2-9e65-4987-84da-6f26237a47b3,22eb4a19-d575-4b85-b636-df554ae18edb,2025-01-06T13:39:43Z,sr:match:51245847,20064
c5ca79d2-9e65-4987-84da-6f26237a47b3,1f5fa428-9476-4f6a-85c3-46929b134f70,2025-01-06T13:40:00Z,sr:match:51246447,20364
c5ca79d2-9e65-4987-84da-6f26237a47b3,6d1156ed-9328-436c-aa89-bdc20ed85a8e,2025-01-06T23:10:08Z,sr:match:51246989,20634
c5ca79d2-9e65-4987-84da-6f26237a47b3,f51734f1-cad9-4ba1-8250-71bd38ff1c06,2025-01-06T13:40:20Z,sr:match:51246529,20405
c5ca79d2-9e65-4987-84da-6f26237a47b3,06f19008-2fa8-4706-90d4-c058a533fc73,2025-01-06T13:39:56Z,sr:match:51246547,20414
c5ca79d2-9e65-4987-84da-6f26237a47b3,fc9e6471-4ede-443d-89ea-0efc42594872,2025-01-06T13:40:20Z,sr:match:51246881,20580
c5ca79d2-9e65-4987-84da-6f26237a47b3,2505298a-6487-4e05-ab40-a98e66a03162,2025-01-06T13:39:49Z,sr:match:51246935,20607
c5ca79d2-9e65-4987-84da-6f26237a47b3,22efc2e3-a5b4-4ed2-ae12-f634fbf830aa,2025-01-06T13:40:09Z,sr:match:51246257,20269
c5ca79d2-9e65-4987-84da-6f26237a47b3,fefa76c4-25b4-45e1-9b13-f416d6eea2e9,2025-01-06T13:40:19Z,sr:match:51246011,20146
c5ca79d2-9e65-4987-84da-6f26237a47b3,477f342c-226a-4a69-b24c-3383be572347,2025-01-06T13:40:10Z,sr:match:51246633,20457
c5ca79d2-9e65-4987-84da-6f26237a47b3,3dfd9b79-57a9-4d07-a83c-b95524b609fb,2025-01-06T13:39:50Z,sr:match:51245735,20008
c5ca79d2-9e65-4987-84da-6f26237a47b3,974b0eef-6e92-4ca1-8b73-d6c8862465d1,2025-01-06T13:40:15Z,sr:match:51245863,20072
c5ca79d2-9e65-4987-84da-6f26237a47b3,0e4b6911-21c4-4c4b-9a74-e4b1b180e0dd,2025-01-06T13:39:39Z,sr:match:51246983,20631
c5ca79d2-9e65-4987-84da-6f26237a47b3,f767aeb0-ddd8-49b9-bc73-03ba34c3937c,2025-01-06T13:40:20Z,sr:match:51245831,20056
c5ca79d2-9e65-4987-84da-6f26237a47b3,618382cb-92d8-417e-b35c-53f1d5a2e5e4,2025-01-06T13:39:56Z,sr:match:51246461,20371
c5ca79d2-9e65-4987-84da-6f26237a47b3,3d80f0d4-74e1-4d62-945c-25bc17d5354f,2025-01-06T13:39:50Z,sr:match:51245775,20028
c5ca79d2-9e65-4987-84da-6f26237a47b3,316b5767-6035-4e6d-b748-2b57a1adaf29,2025-01-06T13:39:50Z,sr:match:51246421,20351
c5ca79d2-9e65-4987-84da-6f26237a47b3,4a428821-3cee-45e7-8482-a119c119325c,2025-01-06T13:39:54Z,sr:match:51245991,20136
c5ca79d2-9e65-4987-84da-6f26237a47b3,de600ddf-4c13-4f3e-ae90-228c5437c856,2025-01-06T13:40:19Z,sr:match:51246221,20251
c5ca79d2-9e65-4987-84da-6f26237a47b3,a72e5af1-19f1-40c4-9f25-e3beb81c35b1,2025-01-06T13:40:16Z,sr:match:51246049,20165
c5ca79d2-9e65-4987-84da-6f26237a47b3,0e06c73d-f010-4cf3-89d4-e68457e9df97,2025-01-06T13:39:46Z,sr:match:51246761,20520
c5ca79d2-9e65-4987-84da-6f26237a47b3,15fa42fa-ae84-496d-9147-a15028438a1c,2025-01-06T13:39:56Z,sr:match:51246919,20599
c5ca79d2-9e65-4987-84da-6f26237a47b3,17de4822-7e63-406c-b931-ff9d71798cbd,2025-01-06T13:40:09Z,sr:match:51246751,20515
c5ca79d2-9e65-4987-84da-6f26237a47b3,6f6b8b2e-dbc8-4a59-bec7-bed8c845ed54,2025-01-06T13:40:02Z,sr:match:51245901,20091
c5ca79d2-9e65-4987-84da-6f26237a47b3,7d6292d5-6a80-45ac-baf4-d91c90b4a5db,2025-01-06T13:40:07Z,sr:match:51246903,20591
c5ca79d2-9e65-4987-84da-6f26237a47b3,d3b96e3a-d994-43a8-9767-226c7c7bd112,2025-01-06T13:40:19Z,sr:match:51246415,20348
c5ca79d2-9e65-4987-84da-6f26237a47b3,57d4346e-77d8-4a9e-bfaa-e26133fb9d12,2025-01-06T13:39:55Z,sr:match:51246849,20564
c5ca79d2-9e65-4987-84da-6f26237a47b3,f2df0497-cf3c-461f-b1c7-b3d2c79228d2,2025-01-06T13:40:20Z,sr:match:51246031,20156
c5ca79d2-9e65-4987-84da-6f26237a47b3,279646a2-6879-436e-8682-38066a7f924a,2025-01-06T13:39:50Z,sr:match:51246133,20207
c5ca79d2-9e65-4987-84da-6f26237a47b3,aa3798fc-5738-4b4d-b460-43b43390189d,2025-01-06T13:40:16Z,sr:match:51246241,20261
c5ca79d2-9e65-4987-84da-6f26237a47b3,58e4de7d-77d3-4600-8a6d-a37ff5ec569c,2025-01-06T13:39:55Z,sr:match:51245941,20111
c5ca79d2-9e65-4987-84da-6f26237a47b3,50e2be18-8103-487f-9bb5-638330f4ff41,2025-01-06T13:39:54Z,sr:match:51246627,20454
c5ca79d2-9e65-4987-84da-6f26237a47b3,f023cfa6-ea43-44fb-8a8e-9be68f23d2bc,2025-01-06T13:40:19Z,sr:match:51246571,20426
c5ca79d2-9e65-4987-84da-6f26237a47b3,f526fd1d-c957-4252-aadf-7300f12f25af,2025-01-06T13:40:20Z,sr:match:51246163,20222
c5ca79d2-9e65-4987-84da-6f26237a47b3,d3cb8e08-1655-459a-a003-6e6a91295e6e,2025-01-06T13:40:19Z,sr:match:51246021,20151
c5ca79d2-9e65-4987-84da-6f26237a47b3,1f7b478f-c01f-4ebf-8db2-0b2667f21143,2025-01-06T13:40:00Z,sr:match:51246901,20590
c5ca79d2-9e65-4987-84da-6f26237a47b3,5eeebc4c-bc3f-4ff5-bf73-6e7f89df06f6,2025-01-06T13:39:55Z,sr:match:51245973,20127
c5ca79d2-9e65-4987-84da-6f26237a47b3,32dead9a-4532-4ba3-80ad-c1673bc21d32,2025-01-06T13:39:50Z,sr:match:51245791,20036
c5ca79d2-9e65-4987-84da-6f26237a47b3,50e125e8-7f8c-472f-9473-7370ab652485,2025-01-06T13:40:02Z,sr:match:51245723,20002
c5ca79d2-9e65-4987-84da-6f26237a47b3,1240b7b6-2e3a-466d-9821-7ca1b548645d,2025-01-06T13:39:39Z,sr:match:51246177,20229
c5ca79d2-9e65-4987-84da-6f26237a47b3,e040cc4d-f0a6-4f1b-b403-d48bbdba5a84,2025-01-06T13:40:19Z,sr:match:51246731,20505
c5ca79d2-9e65-4987-84da-6f26237a47b3,8170d428-3f92-4656-bbff-544da3e0d75b,2025-01-06T13:40:07Z,sr:match:51246121,20201
c5ca79d2-9e65-4987-84da-6f26237a47b3,e96d63bf-6b0e-4632-97f7-b60889fadb4e,2025-01-06T13:40:19Z,sr:match:51245897,20089
c5ca79d2-9e65-4987-84da-6f26237a47b3,2756c197-3aef-456f-9c6a-a9627bb27a02,2025-01-06T13:40:00Z,sr:match:51246023,20152
c5ca79d2-9e65-4987-84da-6f26237a47b3,a985f6ba-2344-4a06-9534-6b0ea32659d0,2025-01-06T13:40:16Z,sr:match:51246225,20253
c5ca79d2-9e65-4987-84da-6f26237a47b3,d5c8f4b1-4757-4a3c-bbce-2a1bbadf8462,2025-01-06T13:40:19Z,sr:match:51245907,20094
c5ca79d2-9e65-4987-84da-6f26237a47b3,9da5f11a-f413-4210-9ab0-f2e14b0e15a6,2025-01-06T13:40:15Z,sr:match:51246683,20482
c5ca79d2-9e65-4987-84da-6f26237a47b3,a1864764-26d9-4020-a84c-7b51ff213836,2025-01-06T13:40:15Z,sr:match:51245885,20083
c5ca79d2-9e65-4987-84da-6f26237a47b3,3cc097ec-07cd-4a94-a2da-7d6ad2e94195,2025-01-06T13:40:09Z,sr:match:51246711,20496
c5ca79d2-9e65-4987-84da-6f26237a47b3,e71d6576-de92-4ddb-aafb-0ead54bcd6c5,2025-01-06T13:40:19Z,sr:match:51246741,20510
c5ca79d2-9e65-4987-84da-6f26237a47b3,9e2492fc-265f-411e-b44b-06691812d971,2025-01-06T13:40:15Z,sr:match:51246767,20523
c5ca79d2-9e65-4987-84da-6f26237a47b3,b5012f26-bba4-4c71-8dfc-4ba04c7fc1e7,2025-01-06T13:40:16Z,sr:match:51246783,20531
c5ca79d2-9e65-4987-84da-6f26237a47b3,0ef0fd7d-0263-43ae-97ac-252d864474d4,2025-01-06T13:39:39Z,sr:match:51246383,20332
c5ca79d2-9e65-4987-84da-6f26237a47b3,0476dfb1-0295-4949-ae86-112815042ce6,2025-01-06T13:39:39Z,sr:match:51246155,20218
c5ca79d2-9e65-4987-84da-6f26237a47b3,3f6854c0-b9d4-46d7-a0e3-44d35c6d1048,2025-01-06T13:39:50Z,sr:match:51246091,20186
c5ca79d2-9e65-4987-84da-6f26237a47b3,54249d02-3924-4a41-953f-2b1e879f0119,2025-01-06T13:39:55Z,sr:match:51246449,20365
c5ca79d2-9e65-4987-84da-6f26237a47b3,34a9b109-284a-4508-8725-0a018e0aa5f0,2025-01-06T13:39:50Z,sr:match:51246841,20560
c5ca79d2-9e65-4987-84da-6f26237a47b3,31787088-7899-4b23-b2d9-033e0e43d9b6,2025-01-06T13:39:50Z,sr:match:51246273,20277
c5ca79d2-9e65-4987-84da-6f26237a47b3,a3dd09f5-d7b0-4866-91f1-cd95ba820195,2025-01-06T13:40:16Z,sr:match:51246365,20323
c5ca79d2-9e65-4987-84da-6f26237a47b3,b0bc29bf-ad7d-4f44-bd31-a1542821c554,2025-01-06T13:40:17Z,sr:match:51246887,20583
c5ca79d2-9e65-4987-84da-6f26237a47b3,28b6f210-1fac-4790-b67b-d4a93ab36440,2025-01-06T13:39:50Z,sr:match:51245957,20119
c5ca79d2-9e65-4987-84da-6f26237a47b3,dac570f0-67f8-41a7-9fbb-b09842ab0c84,2025-01-06T13:40:19Z,sr:match:51246859,20569
c5ca79d2-9e65-4987-84da-6f26237a47b3,e3ad0379-8657-47a8-84eb-4ffb5dc2a57a,2025-01-06T13:40:19Z,sr:match:51246687,20484
c5ca79d2-9e65-4987-84da-6f26237a47b3,b8ddf9ac-c117-451a-8f9a-c3d7374d12c2,2025-01-06T13:40:16Z,sr:match:51246815,20547
c5ca79d2-9e65-4987-84da-6f26237a47b3,0f3ec29f-527b-4f99-9deb-61925b930f2d,2025-01-06T13:39:59Z,sr:match:51246771,20525
c5ca79d2-9e65-4987-84da-6f26237a47b3,f0afe6de-bac2-421a-ab3c-1b001b770dba,2025-01-06T13:40:19Z,sr:match:51246077,20179
c5ca79d2-9e65-4987-84da-6f26237a47b3,254b8490-4fba-4199-b5b7-d6d7c615c609,2025-01-06T13:39:41Z,sr:match:51246271,20276
c5ca79d2-9e65-4987-84da-6f26237a47b3,f37053c6-c9ff-4263-8e59-0998615a26d7,2025-01-06T13:40:20Z,sr:match:51246145,20213
c5ca79d2-9e65-4987-84da-6f26237a47b3,ddfdf132-7621-4cbd-a393-06ebc77fa7cb,2025-01-06T13:40:19Z,sr:match:51246451,20366
c5ca79d2-9e65-4987-84da-6f26237a47b3,21d3c867-3870-446a-83d3-f0c8722d4750,2025-01-06T13:39:46Z,sr:match:51246277,20279
c5ca79d2-9e65-4987-84da-6f26237a47b3,7661e497-f88c-4eab-9710-3af0363d6667,2025-01-06T13:40:11Z,sr:match:51246655,20468
c5ca79d2-9e65-4987-84da-6f26237a47b3,1807f932-db5e-4588-a48b-eb2572437e78,2025-01-06T13:39:45Z,sr:match:51246007,20144
c5ca79d2-9e65-4987-84da-6f26237a47b3,716e7a7b-67f2-46f3-9915-c2fcfcacf467,2025-01-06T13:40:04Z,sr:match:51246897,20588
c5ca79d2-9e65-4987-84da-6f26237a47b3,96c612da-121e-4f1b-8597-af47192793d2,2025-01-06T13:40:15Z,sr:match:51246105,20193
c5ca79d2-9e65-4987-84da-6f26237a47b3,563f1981-ef70-4009-a092-30b63bbb9d41,2025-01-06T13:39:55Z,sr:match:51246253,20267
c5ca79d2-9e65-4987-84da-6f26237a47b3,9acbd147-4661-4b2b-9649-eec7da110fac,2025-01-06T13:40:15Z,sr:match:51246669,20475
c5ca79d2-9e65-4987-84da-6f26237a47b3,a4b90e13-45b0-431f-860e-c639ca314c4f,2025-01-06T13:40:16Z,sr:match:51245887,20084
c5ca79d2-9e65-4987-84da-6f26237a47b3,13ec58cd-7548-469f-ae40-a4db323771ba,2025-01-06T13:39:46Z,sr:match:51245953,20117
c5ca79d2-9e65-4987-84da-6f26237a47b3,cc5511d8-a796-4286-9e3d-bc9c0fdeb20e,2025-01-06T13:40:18Z,sr:match:51246809,20544
c5ca79d2-9e65-4987-84da-6f26237a47b3,50889a11-7a7b-4898-aae4-4a60a1f92afd,2025-01-06T13:39:55Z,sr:match:51246467,20374
c5ca79d2-9e65-4987-84da-6f26237a47b3,cb65c58a-a6df-4c46-bb61-0f1cd1812ac3,2025-01-06T13:40:18Z,sr:match:51245917,20099
c5ca79d2-9e65-4987-84da-6f26237a47b3,3d183749-1612-4f52-830d-f53377ae67e4,2025-01-06T13:39:50Z,sr:match:51246207,20244
c5ca79d2-9e65-4987-84da-6f26237a47b3,ec87fc1a-32cb-4490-918e-199158c4cad2,2025-01-06T13:40:19Z,sr:match:51246183,20232
c5ca79d2-9e65-4987-84da-6f26237a47b3,fa5704bd-d914-41e4-85d5-70073b0b2baa,2025-01-06T13:40:20Z,sr:match:51246857,20568
c5ca79d2-9e65-4987-84da-6f26237a47b3,698b2c5f-c645-4ebb-86f9-6a231e7b9c35,2025-01-06T13:40:02Z,sr:match:51246813,20546
c5ca79d2-9e65-4987-84da-6f26237a47b3,29a9d116-7937-4dfe-ba1f-2b51edd4c4e3,2025-01-06T13:39:50Z,sr:match:51246017,20149
c5ca79d2-9e65-4987-84da-6f26237a47b3,bd67033d-9545-4770-9e02-5c81cdd38cf4,2025-01-06T13:40:16Z,sr:match:51246873,20576
c5ca79d2-9e65-4987-84da-6f26237a47b3,1625dfe0-eabf-4a56-9831-d01519303f41,2025-01-06T13:40:00Z,sr:match:51245843,20062
c5ca79d2-9e65-4987-84da-6f26237a47b3,fbfef273-0dab-427b-9278-a3e45277bda7,2025-01-06T13:40:20Z,sr:match:51246369,20325
c5ca79d2-9e65-4987-84da-6f26237a47b3,5290ec36-50ab-427b-8fa0-687a4282970a,2025-01-06T13:39:55Z,sr:match:51246847,20563
c5ca79d2-9e65-4987-84da-6f26237a47b3,b71a57b2-1fd1-49c5-bd57-549288edd979,2025-01-06T13:40:16Z,sr:match:51245813,20047
c5ca79d2-9e65-4987-84da-6f26237a47b3,46e2b18a-f955-4bc9-b010-e89e4a0ce3dc,2025-01-06T13:39:51Z,sr:match:51246843,20561
c5ca79d2-9e65-4987-84da-6f26237a47b3,3f615f9d-7842-422e-b154-08e58966311e,2025-01-06T13:39:50Z,sr:match:51246039,20160
c5ca79d2-9e65-4987-84da-6f26237a47b3,a864622b-9cbe-4f18-9af7-9c688c0d7347,2025-01-06T13:40:16Z,sr:match:51246569,20425
c5ca79d2-9e65-4987-84da-6f26237a47b3,5fb1c405-57e3-4d68-91ee-3bc226cb6b6b,2025-01-06T13:39:55Z,sr:match:51245915,20098
c5ca79d2-9e65-4987-84da-6f26237a47b3,6bb564a9-038a-42ff-ad2e-598316dc693d,2025-01-06T13:40:02Z,sr:match:51245807,20044
c5ca79d2-9e65-4987-84da-6f26237a47b3,48d564b9-4582-4e97-81fc-93da7891647d,2025-01-06T13:40:01Z,sr:match:51246187,20234
c5ca79d2-9e65-4987-84da-6f26237a47b3,11f0b38d-1ecd-4b67-babb-a4a86369dc47,2025-01-06T13:40:09Z,sr:match:51246171,20226
c5ca79d2-9e65-4987-84da-6f26237a47b3,0b3f583f-1541-422a-a80c-86db298ed62e,2025-01-06T13:39:43Z,sr:match:51246295,20288
c5ca79d2-9e65-4987-84da-6f26237a47b3,f949d48c-423a-4984-8f63-ec4f1483a71d,2025-01-06T13:40:20Z,sr:match:51246157,20219
c5ca79d2-9e65-4987-84da-6f26237a47b3,0299ceb5-e576-49c5-b9a5-8a53c5fb1300,2025-01-06T13:39:46Z,sr:match:51246067,20174
c5ca79d2-9e65-4987-84da-6f26237a47b3,1e559efd-f555-41ea-818a-23c4ac5ef6fc,2025-01-06T13:39:43Z,sr:match:51246289,20285
c5ca79d2-9e65-4987-84da-6f26237a47b3,1fc34da6-d5cb-4ca7-a06f-aa93d88e2912,2025-01-06T13:39:45Z,sr:match:51245939,20110
c5ca79d2-9e65-4987-84da-6f26237a47b3,fe4d4215-7041-4ddb-bf12-40be731ee8ef,2025-01-06T13:40:20Z,sr:match:51246591,20436
c5ca79d2-9e65-4987-84da-6f26237a47b3,e21b9467-bbc9-427d-bd0c-bfbfcdd77086,2025-01-06T13:40:19Z,sr:match:51246363,20322
c5ca79d2-9e65-4987-84da-6f26237a47b3,a4fc3b9a-2b1d-4d11-8d90-40017986cf41,2025-01-06T13:40:16Z,sr:match:51246135,20208
c5ca79d2-9e65-4987-84da-6f26237a47b3,3a79c9e5-3c90-47cb-b366-ba49ccd68dee,2025-01-06T13:40:10Z,sr:match:51246975,20627
c5ca79d2-9e65-4987-84da-6f26237a47b3,2b5a8a3a-ed31-4900-904f-afc4f400c74f,2025-01-06T13:40:10Z,sr:match:51246401,20341
c5ca79d2-9e65-4987-84da-6f26237a47b3,523ee47b-6ee8-4740-868d-c7e68fa5e5ca,2025-01-06T13:40:10Z,sr:match:51246149,20215
c5ca79d2-9e65-4987-84da-6f26237a47b3,4dcf6d7c-c9b1-467c-bf77-7d90fb4497c1,2025-01-06T13:40:01Z,sr:match:51246583,20432
c5ca79d2-9e65-4987-84da-6f26237a47b3,9ca7de62-036e-4b1d-aaf7-15494e10f1a8,2025-01-06T13:40:15Z,sr:match:51245871,20076
c5ca79d2-9e65-4987-84da-6f26237a47b3,ae9d464d-da7f-4bc7-b077-86745964208e,2025-01-06T13:40:16Z,sr:match:51245839,20060
c5ca79d2-9e65-4987-84da-6f26237a47b3,1e23a97b-1daf-407e-a558-98347fc5abb3,2025-01-06T13:40:09Z,sr:match:51245845,20063
c5ca79d2-9e65-4987-84da-6f26237a47b3,1028eac9-6cfe-4452-9199-bf5e17377eff,2025-01-06T13:39:39Z,sr:match:51246095,20188
c5ca79d2-9e65-4987-84da-6f26237a47b3,7423905d-e702-40f2-8198-77a5e0e7f245,2025-01-06T13:40:05Z,sr:match:51246707,20494
c5ca79d2-9e65-4987-84da-6f26237a47b3,26fb1d87-372f-4cf3-a0b7-bb2ab1d7268c,2025-01-06T13:39:49Z,sr:match:51246185,20233
c5ca79d2-9e65-4987-84da-6f26237a47b3,658ee8d6-c3df-4873-b7f0-b7db9a3907b7,2025-01-06T13:40:01Z,sr:match:51245947,20114
